GEOID,GEOCODE,STATE,SLDU18,SDELM,SDSEC,SDUNI,AREALAND,AREAWATR,BASENAME,NAME,POP100
617U600US5500199999,5500199999,55,1,99999,,,3903201282,7110305992,1,State Senate District 1,184304
617U600US5500299999,5500299999,55,2,99999,,,3624154320,50991703,2,State Senate District 2,183553
617U600US5500399999,5500399999,55,3,99999,,,59340966,172273,3,State Senate District 3,170693
617U600US5500405460,5500405460,55,4,5460,,,7813157,419000,Glendale-River Hills School District,Glendale-River Hills School District (part),6276
617U600US5500499999,5500499999,55,4,99999,,,92766184,1339823,4,Remainder of State Senate District 4,156932
617U600US5500599999,5500599999,55,5,99999,,,196247887,1759177,5,State Senate District 5,179060
617U600US5500699999,5500699999,55,6,99999,,,50656914,119154,6,State Senate District 6,162069
617U600US5500799999,5500799999,55,7,99999,,,150298944,1407373067,7,State Senate District 7,177968
617U600US5500800080,5500800080,55,8,80,,,34962054,1032910,Holy Hill Area School District,Holy Hill Area School District (part),3348
617U600US5500804410,5500804410,55,8,4410,,,59503107,861745,Erin School District,Erin School District,2519
617U600US5500804770,5500804770,55,8,4770,,,13566308,452589,Maple Dale-Indian Hill School District,Maple Dale-Indian Hill School District,1784
617U600US5500804800,5500804800,55,8,4800,,,13362886,0,Fox Point Joint No. 2 School District,Fox Point Joint No. 2 School District,11312
617U600US5500805460,5500805460,55,8,5460,,,6903483,100005,Glendale-River Hills School District,Glendale-River Hills School District (part),6899
617U600US5500806090,5500806090,55,8,6090,,,22818222,1406,Hartford Joint No. 1 School District,Hartford Joint No. 1 School District (part),948
617U600US5500808130,5500808130,55,8,8130,,,9029955,45542,Richmond School District,Richmond School District (part),1741
617U600US5500809360,5500809360,55,8,9360,,,17870375,314827,Merton Community School District,Merton Community School District (part),2449
617U600US5500899999,5500899999,55,8,99999,,,452590851,1049866310,8,Remainder of State Senate District 8,151248
617U600US5500999999,5500999999,55,9,99999,,,2060973176,4286696445,9,State Senate District 9,175990
617U600US5501099999,5501099999,55,10,99999,,,5368032603,189279665,10,State Senate District 10,183755
617U600US5501104720,5501104720,55,11,4720,,,28043557,998410,Fontana Joint No. 8 School District,Fontana Joint No. 8 School District,3962
617U600US5501105100,5501105100,55,11,5100,,,10571483,0,Geneva Joint No. 4 School District,Geneva Joint No. 4 School District,1105
617U600US5501105130,5501105130,55,11,5130,,,46535679,898563,Genoa City Joint No. 2 School District,Genoa City Joint No. 2 School District,5068
617U600US5501107620,5501107620,55,11,7620,,,136227056,1679737,Lake Geneva Joint No. 1 School District,Lake Geneva Joint No. 1 School District,18339
617U600US5501108040,5501108040,55,11,8040,,,36472524,39134,Linn Joint No. 4 School District,Linn Joint No. 4 School District,1003
617U600US5501108070,5501108070,55,11,8070,,,41137157,2397,Linn Joint No. 6 School District,Linn Joint No. 6 School District,1295
617U600US5501112390,5501112390,55,11,12390,,,593972,3012,Randall Joint No. 1 School District,Randall Joint No. 1 School District (part),5
617U600US5501113560,5501113560,55,11,13560,,,51136895,0,Sharon Joint No. 11 School District,Sharon Joint No. 11 School District,1975
617U600US5501115450,5501115450,55,11,15450,,,69894569,146130,Walworth Joint No. 1 School District,Walworth Joint No. 1 School District,3850
617U600US5501116560,5501116560,55,11,16560,,,61306720,1004886,Wheatland Joint No. 1 School District,Wheatland Joint No. 1 School District (part),3391
617U600US5501199999,5501199999,55,11,99999,,,2101096639,65209501,11,Remainder of State Senate District 11,137846
617U600US5501201530,5501201530,55,12,1530,,,557637217,132417188,North Lakeland School District,North Lakeland School District (part),3038
617U600US5501209690,5501209690,55,12,9690,,,554825199,73914356,Minocqua Joint No. 1 School District,Minocqua Joint No. 1 School District,7516
617U600US5501217160,5501217160,55,12,17160,,,231954778,43853722,Woodruff Joint No. 1 School District,Woodruff Joint No. 1 School District,5447
617U600US5501299999,5501299999,55,12,99999,,,18980383251,777207946,12,Remainder of State Senate District 12,158946
617U600US5501300075,5501300075,55,13,75,,,210014307,1594825,Herman-Neosho-Rubicon School District,Herman-Neosho-Rubicon School District,4772
617U600US5501306090,5501306090,55,13,6090,,,31307844,298415,Hartford Joint No. 1 School District,Hartford Joint No. 1 School District (part),3359
617U600US5501309390,5501309390,55,13,9390,,,5641292,40284,Stone Bank School District,Stone Bank School District (part),726
617U600US5501399999,5501399999,55,13,99999,,,2837386025,76883623,13,Remainder of State Senate District 13,172163
617U600US5501499999,5501499999,55,14,99999,,,7855631470,281807455,14,State Senate District 14,173203
617U600US5501599999,5501599999,55,15,99999,,,2375990198,69725929,15,State Senate District 15,175730
617U600US5501699999,5501699999,55,16,99999,,,569656953,29192214,16,State Senate District 16,192492
617U600US5501799999,5501799999,55,17,99999,,,11240277027,230648090,17,State Senate District 17,173532
617U600US5501899999,5501899999,55,18,99999,,,1568872714,338125632,18,State Senate District 18,175838
617U600US5501999999,5501999999,55,19,99999,,,827566608,144572470,19,State Senate District 19,184473
617U600US5502000080,5502000080,55,20,80,,,29531319,1578,Holy Hill Area School District,Holy Hill Area School District (part),3578
617U600US5502006090,5502006090,55,20,6090,,,75369842,1931357,Hartford Joint No. 1 School District,Hartford Joint No. 1 School District (part),14694
617U600US5502099999,5502099999,55,20,99999,,,2438962212,2355637073,20,Remainder of State Senate District 20,158298
617U600US5502100052,5502100052,55,21,52,,,26299929,2369563,Trevor-Wilmot Consolidated School District,Trevor-Wilmot Consolidated School District,3859
617U600US5502101650,5502101650,55,21,1650,,,86854456,505856,Brighton No. 1 School District,Brighton No. 1 School District,1291
617U600US5502101710,5502101710,55,21,1710,,,83384305,608669,Bristol No. 1 School District,Bristol No. 1 School District (part),4661
617U600US5502103750,5502103750,55,21,3750,,,28712859,57787,Dover No. 1 School District,Dover No. 1 School District,1943
617U600US5502110800,5502110800,55,21,10800,,,21058068,32878,Norway Joint No. 7 School District,Norway Joint No. 7 School District,839
617U600US5502111400,5502111400,55,21,11400,,,89954345,6123,Paris Joint No. 1 School District,Paris Joint No. 1 School District (part),1629
617U600US5502112390,5502112390,55,21,12390,,,42287726,1694443,Randall Joint No. 1 School District,Randall Joint No. 1 School District (part),5678
617U600US5502112480,5502112480,55,21,12480,,,80655156,340856,Raymond No. 14 School District,Raymond No. 14 School District,3389
617U600US5502112510,5502112510,55,21,12510,,,53146842,153504,North Cape School District,North Cape School District,1918
617U600US5502113350,5502113350,55,21,13350,,,44379686,2570882,Salem School District,Salem School District,9482
617U600US5502113860,5502113860,55,21,13860,,,10239310,2920956,Silver Lake Joint No. 1 School District,Silver Lake Joint No. 1 School District,4000
617U600US5502115090,5502115090,55,21,15090,,,6755705,4064458,Twin Lakes No. 4 School District,Twin Lakes No. 4 School District,3708
617U600US5502115180,5502115180,55,21,15180,,,25277969,33319,Union Grove Joint No. 1 School District,Union Grove Joint No. 1 School District,5269
617U600US5502115660,5502115660,55,21,15660,,,54189705,562927,Waterford Joint No. 1 School District,Waterford Joint No. 1 School District (part),4093
617U600US5502115700,5502115700,55,21,15700,,,222589,0,Washington-Caldwell School District,Washington-Caldwell School District (part),7
617U600US5502116560,5502116560,55,21,16560,,,19047579,277386,Wheatland Joint No. 1 School District,Wheatland Joint No. 1 School District (part),777
617U600US5502117220,5502117220,55,21,17220,,,76907328,276224,Yorkville Joint No. 2 School District,Yorkville Joint No. 2 School District,2963
617U600US5502199999,5502199999,55,21,99999,,,525071685,2410821775,21,Remainder of State Senate District 21,122696
617U600US5502201710,5502201710,55,22,1710,,,3585712,18498,Bristol No. 1 School District,Bristol No. 1 School District (part),1302
617U600US5502211400,5502211400,55,22,11400,,,3026058,0,Paris Joint No. 1 School District,Paris Joint No. 1 School District (part),39
617U600US5502299999,5502299999,55,22,99999,,,127417111,4165621,22,Remainder of State Senate District 22,169778
617U600US5502399999,5502399999,55,23,99999,,,9185726424,141082547,23,State Senate District 23,179543
617U600US5502499999,5502499999,55,24,99999,,,7436391248,224247554,24,State Senate District 24,173811
617U600US5502501530,5502501530,55,25,1530,,,178839,0,North Lakeland School District,North Lakeland School District (part),6
617U600US5502504620,5502504620,55,25,4620,,,256708439,73941941,Lac du Flambeau No. 1 School District,Lac du Flambeau No. 1 School District,3552
617U600US5502599999,5502599999,55,25,99999,,,21529983876,5989718789,25,Remainder of State Senate District 25,172710
617U600US5502699999,5502699999,55,26,99999,,,111546344,53897642,26,State Senate District 26,201819
617U600US5502799999,5502799999,55,27,99999,,,4213849242,81353188,27,State Senate District 27,195505
617U600US5502815660,5502815660,55,28,15660,,,66418481,4801074,Waterford Joint No. 1 School District,Waterford Joint No. 1 School District (part),10137
617U600US5502815700,5502815700,55,28,15700,,,21991733,1064357,Washington-Caldwell School District,Washington-Caldwell School District (part),1927
617U600US5502899999,5502899999,55,28,99999,,,428066611,15618031,28,Remainder of State Senate District 28,165431
617U600US5502999999,5502999999,55,29,99999,,,10713149343,346631810,29,State Senate District 29,176184
617U600US5503099999,5503099999,55,30,99999,,,1484930308,764965420,30,State Senate District 30,180949
617U600US5503199999,5503199999,55,31,99999,,,8109446038,232674567,31,State Senate District 31,179398
617U600US5503299999,5503299999,55,32,99999,,,5606687138,211818041,32,State Senate District 32,179156
617U600US5503300013,5503300013,55,33,13,,,22445796,3797501,Lake Country School District,Lake Country School District,4401
617U600US5503306140,5503306140,55,33,6140,,,21892496,1821977,Hartland-Lakeside Joint No. 3 School District,Hartland-Lakeside Joint No. 3 School District,11740
617U600US5503308130,5503308130,55,33,8130,,,8102098,18020,Richmond School District,Richmond School District (part),1245
617U600US5503309240,5503309240,55,33,9240,,,12279269,2572423,Swallow School District,Swallow School District,3198
617U600US5503309300,5503309300,55,33,9300,,,31435734,1310267,North Lake School District,North Lake School District,2702
617U600US5503309360,5503309360,55,33,9360,,,14885373,1118420,Merton Community School District,Merton Community School District (part),4327
617U600US5503309390,5503309390,55,33,9390,,,17212881,3318639,Stone Bank School District,Stone Bank School District (part),1984
617U600US5503399999,5503399999,55,33,99999,,,472327669,27502157,33,Remainder of State Senate District 33,146180
618U600US5500199999,5500199999,55,1,,99999,,3903201282,7110305992,1,State Senate District 1,184304
618U600US5500299999,5500299999,55,2,,99999,,3624154320,50991703,2,State Senate District 2,183553
618U600US5500399999,5500399999,55,3,,99999,,59340966,172273,3,State Senate District 3,170693
618U600US5500405490,5500405490,55,4,,5490,,7813157,419000,Nicolet Union High School District,Nicolet Union High School District (part),6276
618U600US5500499999,5500499999,55,4,,99999,,92766184,1339823,4,Remainder of State Senate District 4,156932
618U600US5500599999,5500599999,55,5,,99999,,196247887,1759177,5,State Senate District 5,179060
618U600US5500699999,5500699999,55,6,,99999,,50656914,119154,6,State Senate District 6,162069
618U600US5500799999,5500799999,55,7,,99999,,150298944,1407373067,7,State Senate District 7,177968
618U600US5500805490,5500805490,55,8,,5490,,33832677,552594,Nicolet Union High School District,Nicolet Union High School District (part),19995
618U600US5500806120,5500806120,55,8,,6120,,117283383,1896061,Hartford Union High School District,Hartford Union High School District (part),6815
618U600US5500806180,5500806180,55,8,,6180,,26900330,360369,Arrowhead Union High School District,Arrowhead Union High School District (part),4190
618U600US5500899999,5500899999,55,8,,99999,,452590851,1049866310,8,Remainder of State Senate District 8,151248
618U600US5500999999,5500999999,55,9,,99999,,2060973176,4286696445,9,State Senate District 9,175990
618U600US5501099999,5501099999,55,10,,99999,,5368032603,189279665,10,State Senate District 10,183755
618U600US5501107650,5501107650,55,11,,7650,,229806742,2617434,Lake Geneva-Genoa City Union High School District,Lake Geneva-Genoa City Union High School District,25515
618U600US5501113290,5501113290,55,11,,13290,,53540945,600147,Westosha Central High School District,Westosha Central High School District (part),2778
618U600US5501115480,5501115480,55,11,,15480,,190212178,1146937,Big Foot Union High School District,Big Foot Union High School District,11082
618U600US5501116770,5501116770,55,11,,16770,,8359747,407751,Wilmot Union High School District,Wilmot Union High School District (part),618
618U600US5501199999,5501199999,55,11,,99999,,2101096639,65209501,11,Remainder of State Senate District 11,137846
618U600US5501209630,5501209630,55,12,,9630,,1344417194,250185266,Lakeland Union High School District,Lakeland Union High School District (part),16001
618U600US5501299999,5501299999,55,12,,99999,,18980383251,777207946,12,Remainder of State Senate District 12,158946
618U600US5501306120,5501306120,55,13,,6120,,241322151,1893240,Hartford Union High School District,Hartford Union High School District (part),8131
618U600US5501306180,5501306180,55,13,,6180,,5641292,40284,Arrowhead Union High School District,Arrowhead Union High School District (part),726
618U600US5501399999,5501399999,55,13,,99999,,2837386025,76883623,13,Remainder of State Senate District 13,172163
618U600US5501499999,5501499999,55,14,,99999,,7855631470,281807455,14,State Senate District 14,173203
618U600US5501599999,5501599999,55,15,,99999,,2375990198,69725929,15,State Senate District 15,175730
618U600US5501699999,5501699999,55,16,,99999,,569656953,29192214,16,State Senate District 16,192492
618U600US5501799999,5501799999,55,17,,99999,,11240277027,230648090,17,State Senate District 17,173532
618U600US5501899999,5501899999,55,18,,99999,,1568872714,338125632,18,State Senate District 18,175838
618U600US5501999999,5501999999,55,19,,99999,,827566608,144572470,19,State Senate District 19,184473
618U600US5502006120,5502006120,55,20,,6120,,104901161,1932935,Hartford Union High School District,Hartford Union High School District (part),18272
618U600US5502099999,5502099999,55,20,,99999,,2438962212,2355637073,20,Remainder of State Senate District 20,158298
618U600US5502113290,5502113290,55,21,,13290,,299470378,3701716,Westosha Central High School District,Westosha Central High School District (part),16682
618U600US5502115150,5502115150,55,21,,15150,,216412853,708186,Union Grove Union High School District,Union Grove Union High School District,13616
618U600US5502115600,5502115600,55,21,,15600,,128617204,749309,Waterford Union High School District,Waterford Union High School District (part),6857
618U600US5502116770,5502116770,55,21,,16770,,104873122,11316620,Wilmot Union High School District,Wilmot Union High School District (part),18351
618U600US5502199999,5502199999,55,21,,99999,,525071685,2410821775,21,Remainder of State Senate District 21,122696
618U600US5502213290,5502213290,55,22,,13290,,6611770,18498,Westosha Central High School District,Westosha Central High School District (part),1341
618U600US5502299999,5502299999,55,22,,99999,,127417111,4165621,22,Remainder of State Senate District 22,169778
618U600US5502399999,5502399999,55,23,,99999,,9185726424,141082547,23,State Senate District 23,179543
618U600US5502499999,5502499999,55,24,,99999,,7436391248,224247554,24,State Senate District 24,173811
618U600US5502509630,5502509630,55,25,,9630,,256887278,73941941,Lakeland Union High School District,Lakeland Union High School District (part),3558
618U600US5502599999,5502599999,55,25,,99999,,21529983876,5989718789,25,Remainder of State Senate District 25,172710
618U600US5502699999,5502699999,55,26,,99999,,111546344,53897642,26,State Senate District 26,201819
618U600US5502799999,5502799999,55,27,,99999,,4213849242,81353188,27,State Senate District 27,195505
618U600US5502815600,5502815600,55,28,,15600,,88410214,5865431,Waterford Union High School District,Waterford Union High School District (part),12064
618U600US5502899999,5502899999,55,28,,99999,,428066611,15618031,28,Remainder of State Senate District 28,165431
618U600US5502999999,5502999999,55,29,,99999,,10713149343,346631810,29,State Senate District 29,176184
618U600US5503099999,5503099999,55,30,,99999,,1484930308,764965420,30,State Senate District 30,180949
618U600US5503199999,5503199999,55,31,,99999,,8109446038,232674567,31,State Senate District 31,179398
618U600US5503299999,5503299999,55,32,,99999,,5606687138,211818041,32,State Senate District 32,179156
618U600US5503306180,5503306180,55,33,,6180,,128253647,13957247,Arrowhead Union High School District,Arrowhead Union High School District (part),29597
618U600US5503399999,5503399999,55,33,,99999,,472327669,27502157,33,Remainder of State Senate District 33,146180
619U600US5500100150,5500100150,55,1,,,150,175921321,807170,Algoma School District,Algoma School District,5138
619U600US5500100390,5500100390,55,1,,,390,13542166,293453,Appleton Area School District,Appleton Area School District (part),14473
619U600US5500101680,5500101680,55,1,,,1680,96398059,324299,Brillion School District,Brillion School District (part),4998
619U600US5500102520,5500102520,55,1,,,2520,26670156,32380,Chilton School District,Chilton School District (part),405
619U600US5500103210,5500103210,55,1,,,3210,94878923,2678647,De Pere Unified School District,De Pere Unified School District (part),7918
619U600US5500103660,5500103660,55,1,,,3660,308418551,3358084,Denmark School District,Denmark School District (part),7937
619U600US5500105220,5500105220,55,1,,,5220,351562708,835156625,Gibraltar Area School District,Gibraltar Area School District,6810
619U600US5500105820,5500105820,55,1,,,5820,83301715,149491,Green Bay Area School District,Green Bay Area School District (part),4288
619U600US5500106450,5500106450,55,1,,,6450,84168094,200090,Hilbert School District,Hilbert School District (part),1195
619U600US5500107290,5500107290,55,1,,,7290,119728609,866114,Kaukauna Area School District,Kaukauna Area School District (part),8968
619U600US5500107410,5500107410,55,1,,,7410,332558557,1289466,Kewaunee School District,Kewaunee School District,6731
619U600US5500107470,5500107470,55,1,,,7470,33569283,942122,Kimberly Area School District,Kimberly Area School District,24292
619U600US5500108160,5500108160,55,1,,,8160,4414989,649063,Little Chute Area School District,Little Chute Area School District (part),5782
619U600US5500108340,5500108340,55,1,,,8340,446796346,35729,Luxemburg-Casco School District,Luxemburg-Casco School District,11435
619U600US5500108610,5500108610,55,1,,,8610,40538939,188901,Manitowoc School District,Manitowoc School District (part),1039
619U600US5500109030,5500109030,55,1,,,9030,696813,0,Menasha School District,Menasha School District (part),860
619U600US5500109750,5500109750,55,1,,,9750,263203332,1718340,Mishicot School District,Mishicot School District,6137
619U600US5500112690,5500112690,55,1,,,12690,145037988,964784,Reedsville School District,Reedsville School District (part),2351
619U600US5500113500,5500113500,55,1,,,13500,301706217,378056770,Sevastopol School District,Sevastopol School District,5302
619U600US5500114130,5500114130,55,1,,,14130,508298141,356053734,Southern Door County School District,Southern Door County School District,8147
619U600US5500114520,5500114520,55,1,,,14520,69496828,139159,Stockbridge School District,Stockbridge School District (part),1730
619U600US5500114610,5500114610,55,1,,,14610,20712176,4273738,Sturgeon Bay School District,Sturgeon Bay School District,9030
619U600US5500115120,5500115120,55,1,,,15120,73538846,2135015,Two Rivers School District,Two Rivers School District,12462
619U600US5500115570,5500115570,55,1,,,15570,65994275,239932699,Washington School District,Washington School District,777
619U600US5500116320,5500116320,55,1,,,16320,49634540,2727680,West De Pere School District,West De Pere School District (part),19083
619U600US5500117190,5500117190,55,1,,,17190,192405488,1635540,Wrightstown Community School District,Wrightstown Community School District (part),7016
619U600US5500199997,5500199997,55,1,,,99997,8222,5275696899,School District Not Defined,School District Not Defined (part),0
619U600US5500200056,5500200056,55,2,,,56,139757061,2612136,Gresham School District,Gresham School District,1705
619U600US5500200390,5500200390,55,2,,,390,1843409,0,Appleton Area School District,Appleton Area School District (part),892
619U600US5500200540,5500200540,55,2,,,540,26879017,1163054,Ashwaubenon School District,Ashwaubenon School District (part),15360
619U600US5500201470,5500201470,55,2,,,1470,286308276,1301502,Bonduel School District,Bonduel School District (part),4192
619U600US5500201560,5500201560,55,2,,,1560,203481048,341160,Bowler School District,Bowler School District (part),1342
619U600US5500202670,5500202670,55,2,,,2670,322035120,4124302,Clintonville School District,Clintonville School District (part),8359
619U600US5500203210,5500203210,55,2,,,3210,120873,0,De Pere Unified School District,De Pere Unified School District (part),0
619U600US5500204920,5500204920,55,2,,,4920,189564058,1558,Freedom Area School District,Freedom Area School District (part),9385
619U600US5500205820,5500205820,55,2,,,5820,31768037,1658403,Green Bay Area School District,Green Bay Area School District (part),33213
619U600US5500206600,5500206600,55,2,,,6600,148688718,2039526,Hortonville School District,Hortonville School District (part),7802
619U600US5500206630,5500206630,55,2,,,6630,27376001,0,Howard-Suamico School District,Howard-Suamico School District (part),12805
619U600US5500207290,5500207290,55,2,,,7290,56269762,1609341,Kaukauna Area School District,Kaukauna Area School District (part),21350
619U600US5500208160,5500208160,55,2,,,8160,2590246,0,Little Chute Area School District,Little Chute Area School District (part),2386
619U600US5500208550,5500208550,55,2,,,8550,30243167,89687,Manawa School District,Manawa School District (part),303
619U600US5500208730,5500208730,55,2,,,8730,134477351,1094727,Marion School District,Marion School District (part),1475
619U600US5500209070,5500209070,55,2,,,9070,6282769,4848,Menominee Indian School District,Menominee Indian School District (part),267
619U600US5500210590,5500210590,55,2,,,10590,154794489,2436114,New London School District,New London School District (part),2675
619U600US5500212330,5500212330,55,2,,,12330,296357386,357015,Pulaski Community School District,Pulaski Community School District (part),15864
619U600US5500213530,5500213530,55,2,,,13530,433697620,516967,Seymour Community School District,Seymour Community School District,12849
619U600US5500213620,5500213620,55,2,,,13620,385916871,24490144,Shawano School District,Shawano School District (part),16591
619U600US5500213770,5500213770,55,2,,,13770,275243775,6182271,Shiocton School District,Shiocton School District,4245
619U600US5500214880,5500214880,55,2,,,14880,238256823,254846,Tigerton School District,Tigerton School District (part),1858
619U600US5500216320,5500216320,55,2,,,16320,70796669,130956,West De Pere School District,West De Pere School District (part),5985
619U600US5500217100,5500217100,55,2,,,17100,147146354,257884,Wittenberg-Birnamwood School District,Wittenberg-Birnamwood School District (part),2108
619U600US5500217190,5500217190,55,2,,,17190,14259420,325262,Wrightstown Community School District,Wrightstown Community School District (part),542
619U600US5500305940,5500305940,55,3,,,5940,5519279,0,Greenfield School District,Greenfield School District (part),7371
619U600US5500309600,5500309600,55,3,,,9600,45250125,172273,Milwaukee School District,Milwaukee School District (part),142201
619U600US5500316260,5500316260,55,3,,,16260,8571562,0,West Allis School District,West Allis School District (part),21121
619U600US5500409600,5500409600,55,4,,,9600,87573798,393391,Milwaukee School District,Milwaukee School District (part),141316
619U600US5500413800,5500413800,55,4,,,13800,4117148,0,Shorewood School District,Shorewood School District,13859
619U600US5500415990,5500415990,55,4,,,15990,1075238,0,Wauwatosa School District,Wauwatosa School District (part),1757
619U600US5500499997,5500499997,55,4,,,99997,0,946432,School District Not Defined,School District Not Defined (part),0
619U600US5500499999,5500499999,55,4,,,99999,7813157,419000,4,Remainder of State Senate District 4,6276
619U600US5500501770,5500501770,55,5,,,1770,82892260,1070577,Elmbrook School District,Elmbrook School District,48593
619U600US5500509600,5500509600,55,5,,,9600,7511657,19352,Milwaukee School District,Milwaukee School District (part),13841
619U600US5500510470,5500510470,55,5,,,10470,35333004,498266,New Berlin School District,New Berlin School District (part),16575
619U600US5500515780,5500515780,55,5,,,15780,10515497,99978,Waukesha School District,Waukesha School District (part),6960
619U600US5500515990,5500515990,55,5,,,15990,33183612,9422,Wauwatosa School District,Wauwatosa School District (part),46630
619U600US5500516260,5500516260,55,5,,,16260,26811857,61582,West Allis School District,West Allis School District (part),46461
619U600US5500609600,5500609600,55,6,,,9600,50656914,119154,Milwaukee School District,Milwaukee School District (part),162069
619U600US5500703060,5500703060,55,7,,,3060,12364566,0,Cudahy School District,Cudahy School District,18204
619U600US5500704830,5500704830,55,7,,,4830,471288,0,Franklin Public School District,Franklin Public School District (part),470
619U600US5500709600,5500709600,55,7,,,9600,42661286,943942,Milwaukee School District,Milwaukee School District (part),91503
619U600US5500710830,5500710830,55,7,,,10830,75645878,0,Oak Creek-Franklin School District,Oak Creek-Franklin School District (part),37835
619U600US5500713260,5500713260,55,7,,,13260,6649955,0,St. Francis School District,St. Francis School District,9161
619U600US5500714040,5500714040,55,7,,,14040,12505971,21035,South Milwaukee School District,South Milwaukee School District,20795
619U600US5500799997,5500799997,55,7,,,99997,0,1406408090,School District Not Defined,School District Not Defined (part),0
619U600US5500801800,5500801800,55,8,,,1800,11383915,0,Brown Deer School District,Brown Deer School District,12507
619U600US5500802460,5500802460,55,8,,,2460,1497083,11589,Cedarburg School District,Cedarburg School District (part),2377
619U600US5500805160,5500805160,55,8,,,5160,118129459,598297,Germantown School District,Germantown School District (part),25234
619U600US5500805610,5500805610,55,8,,,5610,53067044,842980,Grafton School District,Grafton School District (part),13805
619U600US5500806030,5500806030,55,8,,,6030,70067556,1064734,Hamilton School District,Hamilton School District (part),16581
619U600US5500809060,5500809060,55,8,,,9060,58348341,496194,Menomonee Falls School District,Menomonee Falls School District,30443
619U600US5500809130,5500809130,55,8,,,9130,122786744,1853780,Mequon-Thiensville School District,Mequon-Thiensville School District,28536
619U600US5500809600,5500809600,55,8,,,9600,7851031,2208,Milwaukee School District,Milwaukee School District (part),6559
619U600US5500812000,5500812000,55,8,,,12000,3981062,0,Port Washington-Saukville School District,Port Washington-Saukville School District (part),252
619U600US5500816620,5500816620,55,8,,,16620,5478616,0,Whitefish Bay School District,Whitefish Bay School District,14954
619U600US5500899997,5500899997,55,8,,,99997,0,1044996528,School District Not Defined,School District Not Defined (part),0
619U600US5500899999,5500899999,55,8,,,99999,178016390,2809024,8,Remainder of State Senate District 8,31000
619U600US5500901680,5500901680,55,9,,,1680,61499652,1723816,Brillion School District,Brillion School District (part),729
619U600US5500902430,5500902430,55,9,,,2430,62907301,405964,Cedar Grove-Belgium Area School District,Cedar Grove-Belgium Area School District (part),3150
619U600US5500902520,5500902520,55,9,,,2520,168764638,1604092,Chilton School District,Chilton School District (part),5819
619U600US5500904260,5500904260,55,9,,,4260,70459164,2971488,Elkhart Lake-Glenbeulah School District,Elkhart Lake-Glenbeulah School District (part),3200
619U600US5500906450,5500906450,55,9,,,6450,56873927,425748,Hilbert School District,Hilbert School District (part),1957
619U600US5500906660,5500906660,55,9,,,6660,133842632,717431,Howards Grove School District,Howards Grove School District,6000
619U600US5500907440,5500907440,55,9,,,7440,249437045,3091620,Kiel Area School District,Kiel Area School District (part),8072
619U600US5500907500,5500907500,55,9,,,7500,26394819,609687,Kohler School District,Kohler School District,2333
619U600US5500908610,5500908610,55,9,,,8610,193512400,2341251,Manitowoc School District,Manitowoc School District (part),39148
619U600US5500910530,5500910530,55,9,,,10530,15905680,45820,New Holstein School District,New Holstein School District (part),141
619U600US5500911070,5500911070,55,9,,,11070,100788216,610908,Oostburg School District,Oostburg School District (part),6111
619U600US5500911940,5500911940,55,9,,,11940,114801876,987612,Plymouth School District,Plymouth School District (part),12419
619U600US5500912450,5500912450,55,9,,,12450,107855413,1522656,Random Lake School District,Random Lake School District (part),3736
619U600US5500912690,5500912690,55,9,,,12690,142626559,963307,Reedsville School District,Reedsville School District (part),2365
619U600US5500913650,5500913650,55,9,,,13650,131321420,1067623,Sheboygan Area School District,Sheboygan Area School District,62772
619U600US5500913680,5500913680,55,9,,,13680,124927769,1152561,Sheboygan Falls School District,Sheboygan Falls School District (part),11201
619U600US5500914520,5500914520,55,9,,,14520,1399500,2620,Stockbridge School District,Stockbridge School District (part),20
619U600US5500915210,5500915210,55,9,,,15210,297655165,3914590,Valders Area School District,Valders Area School District,6817
619U600US5500999997,5500999997,55,9,,,99997,0,4262537651,School District Not Defined,School District Not Defined (part),0
619U600US5501000300,5501000300,55,10,,,300,398760194,21076512,Amery School District,Amery School District,9811
619U600US5501000720,5501000720,55,10,,,720,300450895,760841,Baldwin-Woodville Area School District,Baldwin-Woodville Area School District,9485
619U600US5501000750,5501000750,55,10,,,750,327743939,29724135,Unity School District,Unity School District (part),7154
619U600US5501001590,5501001590,55,10,,,1590,130148075,269709,Boyceville Community School District,Boyceville Community School District (part),2070
619U600US5501002580,5501002580,55,10,,,2580,79652015,1988794,Clayton School District,Clayton School District (part),1293
619U600US5501002610,5501002610,55,10,,,2610,74237570,640251,Clear Lake School District,Clear Lake School District (part),709
619U600US5501004320,5501004320,55,10,,,4320,3589461,1053,Ellsworth Community School District,Ellsworth Community School District (part),43
619U600US5501004860,5501004860,55,10,,,4860,380095204,11446883,Frederic School District,Frederic School District (part),3652
619U600US5501005520,5501005520,55,10,,,5520,251451395,830093,Glenwood City School District,Glenwood City School District (part),3700
619U600US5501005670,5501005670,55,10,,,5670,664159536,24342516,Grantsburg School District,Grantsburg School District,5156
619U600US5501006060,5501006060,55,10,,,6060,218875820,1345503,St. Croix Central School District,St. Croix Central School District,8364
619U600US5501006690,5501006690,55,10,,,6690,170477345,14470694,Hudson School District,Hudson School District,32962
619U600US5501008280,5501008280,55,10,,,8280,202916385,10699914,Luck School District,Luck School District (part),3282
619U600US5501009090,5501009090,55,10,,,9090,249856850,5192664,Menomonie Area School District,Menomonie Area School District (part),21544
619U600US5501010620,5501010620,55,10,,,10620,387350934,8104881,New Richmond School District,New Richmond School District,19776
619U600US5501011160,5501011160,55,10,,,11160,278454339,14170278,Osceola School District,Osceola School District,9646
619U600US5501013050,5501013050,55,10,,,13050,288806812,1953152,River Falls School District,River Falls School District (part),23110
619U600US5501013230,5501013230,55,10,,,13230,372122199,14410210,St. Croix Falls School District,St. Croix Falls School District,7321
619U600US5501013890,5501013890,55,10,,,13890,144745230,16094502,Siren School District,Siren School District (part),2479
619U600US5501014010,5501014010,55,10,,,14010,149562904,3932750,Somerset School District,Somerset School District,8562
619U600US5501014340,5501014340,55,10,,,14340,94478349,728337,Spring Valley School District,Spring Valley School District (part),1103
619U600US5501015060,5501015060,55,10,,,15060,77592925,3469159,Turtle Lake School District,Turtle Lake School District (part),687
619U600US5501016230,5501016230,55,10,,,16230,122504227,3626834,Webster School District,Webster School District (part),1846
619U600US5501101050,5501101050,55,11,,,1050,17725300,184791,Beloit School District,Beloit School District (part),6434
619U600US5501101080,5501101080,55,11,,,1080,20664405,259988,Beloit Turner School District,Beloit Turner School District (part),4733
619U600US5501101890,5501101890,55,11,,,1890,95133221,783290,Burlington Area School District,Burlington Area School District (part),5508
619U600US5501102100,5501102100,55,11,,,2100,47457837,3673923,Cambridge School District,Cambridge School District (part),2654
619U600US5501102640,5501102640,55,11,,,2640,288000069,678622,Clinton Community School District,Clinton Community School District,5842
619U600US5501103510,5501103510,55,11,,,3510,5962657,40431,Kettle Moraine School District,Kettle Moraine School District (part),72
619U600US5501103640,5501103640,55,11,,,3640,248402651,8205021,Delavan-Darien School District,Delavan-Darien School District,16726
619U600US5501104020,5501104020,55,11,,,4020,192298667,6340526,East Troy Community School District,East Troy Community School District (part),11437
619U600US5501104290,5501104290,55,11,,,4290,220142196,4801962,Elkhorn Area School District,Elkhorn Area School District,17950
619U600US5501104740,5501104740,55,11,,,4740,132977156,1567061,Fort Atkinson School District,Fort Atkinson School District (part),14603
619U600US5501107020,5501107020,55,11,,,7020,52094334,11035,Janesville School District,Janesville School District (part),1777
619U600US5501107050,5501107050,55,11,,,7050,186536463,3074653,Jefferson School District,Jefferson School District (part),11692
619U600US5501107710,5501107710,55,11,,,7710,6624946,100868,Lake Mills Area School District,Lake Mills Area School District (part),71
619U600US5501109570,5501109570,55,11,,,9570,138342819,269130,Milton School District,Milton School District (part),8843
619U600US5501110060,5501110060,55,11,,,10060,79895485,4653303,Mukwonago School District,Mukwonago School District (part),15275
619U600US5501110890,5501110890,55,11,,,10890,6805956,41708,Oconomowoc Area School District,Oconomowoc Area School District (part),246
619U600US5501111350,5501111350,55,11,,,11350,203706110,2261361,Palmyra-Eagle Area School District,Palmyra-Eagle Area School District (part),7538
619U600US5501116680,5501116680,55,11,,,16680,135586099,2478227,Whitewater School District,Whitewater School District (part),2440
619U600US5501116740,5501116740,55,11,,,16740,22703285,0,Williams Bay School District,Williams Bay School District,4003
619U600US5501199997,5501199997,55,11,,,99997,36983,25783601,School District Not Defined,School District Not Defined (part),2
619U600US5501199999,5501199999,55,11,,,99999,481919612,4772269,11,Remainder of State Senate District 11,39993
619U600US5501200360,5501200360,55,12,,,360,1393679242,8421659,Antigo School District,Antigo School District,17143
619U600US5501200570,5501200570,55,12,,,570,18992209,0,Athens School District,Athens School District (part),152
619U600US5501201470,5501201470,55,12,,,1470,102467643,4773471,Bonduel School District,Bonduel School District (part),2113
619U600US5501201560,5501201560,55,12,,,1560,120716501,192807,Bowler School District,Bowler School District (part),1022
619U600US5501202760,5501202760,55,12,,,2760,289033695,8027164,Coleman School District,Coleman School District (part),1974
619U600US5501202910,5501202910,55,12,,,2910,1325372187,56880211,Crandon School District,Crandon School District,5731
619U600US5501202970,5501202970,55,12,,,2970,709695045,30632271,Crivitz School District,Crivitz School District,6552
619U600US5501203860,5501203860,55,12,,,3860,1064593728,163380420,Northland Pines School District,Northland Pines School District,12168
619U600US5501204170,5501204170,55,12,,,4170,788196061,46866903,Elcho School District,Elcho School District,3224
619U600US5501204650,5501204650,55,12,,,4650,1264232456,24111637,Florence School District,Florence School District,4558
619U600US5501205250,5501205250,55,12,,,5250,270067372,3795771,Gillett School District,Gillett School District,3945
619U600US5501205580,5501205580,55,12,,,5580,406116164,6410692,Goodman-Armstrong School District,Goodman-Armstrong School District,1029
619U600US5501207830,5501207830,55,12,,,7830,617103134,12666529,Laona School District,Laona School District,1469
619U600US5501207860,5501207860,55,12,,,7860,98974649,17407,Lena School District,Lena School District (part),1378
619U600US5501208670,5501208670,55,12,,,8670,3366753,0,Marathon City School District,Marathon City School District (part),76
619U600US5501208700,5501208700,55,12,,,8700,167758332,4498086,Marinette School District,Marinette School District (part),2064
619U600US5501209070,5501209070,55,12,,,9070,926217566,19022479,Menominee Indian School District,Menominee Indian School District (part),4255
619U600US5501209210,5501209210,55,12,,,9210,1460291542,19263933,Merrill Area School District,Merrill Area School District (part),20135
619U600US5501210680,5501210680,55,12,,,10680,181105329,3693052,Niagara School District,Niagara School District,2454
619U600US5501210950,5501210950,55,12,,,10950,277532092,5323829,Oconto Falls School District,Oconto Falls School District (part),6191
619U600US5501211550,5501211550,55,12,,,11550,567134600,7811101,Beecher-Dunbar-Pembine School District,Beecher-Dunbar-Pembine School District,2268
619U600US5501211610,5501211610,55,12,,,11610,37740,3439,Peshtigo School District,Peshtigo School District (part),0
619U600US5501211710,5501211710,55,12,,,11710,241668488,38312625,Phelps School District,Phelps School District,1239
619U600US5501212210,5501212210,55,12,,,12210,276026353,5749373,Prentice School District,Prentice School District (part),262
619U600US5501212330,5501212330,55,12,,,12330,126192619,54502,Pulaski Community School District,Pulaski Community School District (part),3624
619U600US5501212720,5501212720,55,12,,,12720,945432429,75449028,Rhinelander School District,Rhinelander School District,21109
619U600US5501213620,5501213620,55,12,,,13620,15996564,4583282,Shawano School District,Shawano School District (part),626
619U600US5501214700,5501214700,55,12,,,14700,771430559,14266351,Suring School District,Suring School District,4184
619U600US5501214850,5501214850,55,12,,,14850,694159459,83858329,Three Lakes School District,Three Lakes School District,4593
619U600US5501214940,5501214940,55,12,,,14940,1021985428,80084779,Tomahawk School District,Tomahawk School District,10286
619U600US5501215390,5501215390,55,12,,,15390,883898685,23829648,Wabeno Area School District,Wabeno Area School District,3628
619U600US5501215900,5501215900,55,12,,,15900,199352847,0,Wausau School District,Wausau School District (part),1519
619U600US5501215930,5501215930,55,12,,,15930,1074212523,17094251,Wausaukee School District,Wausaukee School District,4114
619U600US5501216590,5501216590,55,12,,,16590,487366890,7998659,White Lake School District,White Lake School District,1532
619U600US5501217100,5501217100,55,12,,,17100,189976367,134258,Wittenberg-Birnamwood School District,Wittenberg-Birnamwood School District (part),2329
619U600US5501299999,5501299999,55,12,,,99999,1344417194,250185266,12,Remainder of State Senate District 12,16001
619U600US5501300960,5501300960,55,13,,,960,132844861,427825,Beaver Dam School District,Beaver Dam School District (part),21032
619U600US5501302100,5501302100,55,13,,,2100,105467585,861102,Cambridge School District,Cambridge School District (part),3292
619U600US5501302820,5501302820,55,13,,,2820,153980163,1099644,Columbus School District,Columbus School District (part),7291
619U600US5501303180,5501303180,55,13,,,3180,54200058,218006,DeForest Area School District,DeForest Area School District (part),11722
619U600US5501303270,5501303270,55,13,,,3270,84679878,337924,Deerfield Community School District,Deerfield Community School District (part),3987
619U600US5501303510,5501303510,55,13,,,3510,8081875,376106,Kettle Moraine School District,Kettle Moraine School District (part),369
619U600US5501306570,5501306570,55,13,,,6570,75128014,4960782,Horicon School District,Horicon School District (part),5095
619U600US5501306780,5501306780,55,13,,,6780,127509925,9285574,Hustisford School District,Hustisford School District,3228
619U600US5501307050,5501307050,55,13,,,7050,85757699,734914,Jefferson School District,Jefferson School District (part),1325
619U600US5501307170,5501307170,55,13,,,7170,107898864,1555868,Johnson Creek School District,Johnson Creek School District,5049
619U600US5501307260,5501307260,55,13,,,7260,215602455,2264178,Dodgeland School District,Dodgeland School District,5972
619U600US5501307710,5501307710,55,13,,,7710,185925992,9014956,Lake Mills Area School District,Lake Mills Area School District (part),9867
619U600US5501308220,5501308220,55,13,,,8220,144604484,1165518,Lomira School District,Lomira School District (part),6246
619U600US5501308790,5501308790,55,13,,,8790,124028729,1482097,Marshall School District,Marshall School District (part),5426
619U600US5501308880,5501308880,55,13,,,8880,241357744,7380045,Mayville School District,Mayville School District,7971
619U600US5501310860,5501310860,55,13,,,10860,4061408,0,Oakfield School District,Oakfield School District (part),31
619U600US5501310890,5501310890,55,13,,,10890,261640793,15504190,Oconomowoc Area School District,Oconomowoc Area School District (part),34659
619U600US5501312420,5501312420,55,13,,,12420,12732,11149928,Randolph School District,Randolph School District (part),0
619U600US5501314550,5501314550,55,13,,,14550,9086139,28012,Stoughton Area School District,Stoughton Area School District (part),147
619U600US5501314640,5501314640,55,13,,,14640,81381792,606968,Sun Prairie Area School District,Sun Prairie Area School District (part),4086
619U600US5501315720,5501315720,55,13,,,15720,205589396,2835779,Waterloo School District,Waterloo School District,5541
619U600US5501315750,5501315750,55,13,,,15750,428545439,5594207,Watertown School District,Watertown School District,29827
619U600US5501399999,5501399999,55,13,,,99999,246963443,1933524,13,Remainder of State Senate District 13,8857
619U600US5501400060,5501400060,55,14,,,60,607128508,24513740,Adams-Friendship Area School District,Adams-Friendship Area School District (part),9710
619U600US5501400810,5501400810,55,14,,,810,613996,0,Baraboo School District,Baraboo School District (part),24
619U600US5501400960,5501400960,55,14,,,960,151695070,173140,Beaver Dam School District,Beaver Dam School District (part),2068
619U600US5501401140,5501401140,55,14,,,1140,448028545,16322448,Berlin Area School District,Berlin Area School District (part),9640
619U600US5501402070,5501402070,55,14,,,2070,217180593,976119,Cambria-Friesland School District,Cambria-Friesland School District,2416
619U600US5501402670,5501402670,55,14,,,2670,92999359,807428,Clintonville School District,Clintonville School District (part),1270
619U600US5501402820,5501402820,55,14,,,2820,190685801,635001,Columbus School District,Columbus School District (part),1310
619U600US5501403180,5501403180,55,14,,,3180,90912335,855078,DeForest Area School District,DeForest Area School District (part),2929
619U600US5501404530,5501404530,55,14,,,4530,122606248,2689120,Fall River School District,Fall River School District,3085
619U600US5501405880,5501405880,55,14,,,5880,80109768,2102331,Green Lake School District,Green Lake School District,2732
619U600US5501406570,5501406570,55,14,,,6570,57919053,1014246,Horicon School District,Horicon School District (part),623
619U600US5501406840,5501406840,55,14,,,6840,318269392,5748779,Iola-Scandinavia School District,Iola-Scandinavia School District (part),4456
619U600US5501408190,5501408190,55,14,,,8190,191142334,12725421,Lodi School District,Lodi School District (part),9021
619U600US5501408550,5501408550,55,14,,,8550,252035199,4732984,Manawa School District,Manawa School District (part),4844
619U600US5501408730,5501408730,55,14,,,8730,192312499,1990173,Marion School District,Marion School District (part),2576
619U600US5501408760,5501408760,55,14,,,8760,435966248,62511936,Markesan School District,Markesan School District,6497
619U600US5501409870,5501409870,55,14,,,9870,442001278,16078002,Montello School District,Montello School District,6580
619U600US5501410590,5501410590,55,14,,,10590,161367433,5715693,New London School District,New London School District (part),11759
619U600US5501411370,5501411370,55,14,,,11370,230727836,7902744,Pardeeville Area School District,Pardeeville Area School District,6822
619U600US5501412060,5501412060,55,14,,,12060,219221696,9796193,Portage Community School District,Portage Community School District (part),4017
619U600US5501412120,5501412120,55,14,,,12120,242062268,5558761,Poynette School District,Poynette School District (part),6775
619U600US5501412300,5501412300,55,14,,,12300,226421700,7370102,Princeton School District,Princeton School District,3182
619U600US5501412420,5501412420,55,14,,,12420,153355147,12774957,Randolph School District,Randolph School District (part),3256
619U600US5501412990,5501412990,55,14,,,12990,194415629,3640090,Rio Community School District,Rio Community School District,3015
619U600US5501413020,5501413020,55,14,,,13020,155116154,1301266,Ripon Area School District,Ripon Area School District (part),9649
619U600US5501413100,5501413100,55,14,,,13100,63469144,166953,Rosendale-Brandon School District,Rosendale-Brandon School District (part),1409
619U600US5501413140,5501413140,55,14,,,13140,49289699,110148,Rosholt School District,Rosholt School District (part),190
619U600US5501413410,5501413410,55,14,,,13410,1258704,0,Sauk Prairie School District,Sauk Prairie School District (part),7
619U600US5501414880,5501414880,55,14,,,14880,12371210,15607,Tigerton School District,Tigerton School District (part),9
619U600US5501415810,5501415810,55,14,,,15810,12457703,166067,Waunakee Community School District,Waunakee Community School District (part),135
619U600US5501415840,5501415840,55,14,,,15840,349005048,9041771,Waupaca School District,Waupaca School District (part),15090
619U600US5501415870,5501415870,55,14,,,15870,317905084,22389860,Waupun School District,Waupun School District (part),6307
619U600US5501415960,5501415960,55,14,,,15960,107729143,1900620,Wautoma Area School District,Wautoma Area School District (part),4025
619U600US5501416440,5501416440,55,14,,,16440,598289873,6742210,Westfield School District,Westfield School District (part),7482
619U600US5501416500,5501416500,55,14,,,16500,308384102,16541515,Weyauwega-Fremont School District,Weyauwega-Fremont School District (part),6189
619U600US5501416710,5501416710,55,14,,,16710,265593656,5788985,Wild Rose School District,Wild Rose School District (part),4206
619U600US5501417040,5501417040,55,14,,,17040,295584015,11007967,Wisconsin Dells School District,Wisconsin Dells School District (part),9898
619U600US5501500120,5501500120,55,15,,,120,141127516,328309,Albany School District,Albany School District (part),2672
619U600US5501501050,5501501050,55,15,,,1050,23226734,677379,Beloit School District,Beloit School District (part),29701
619U600US5501501080,5501501080,55,15,,,1080,59981518,1590657,Beloit Turner School District,Beloit Turner School District (part),4454
619U600US5501501740,5501501740,55,15,,,1740,261782870,1748847,Brodhead School District,Brodhead School District,6277
619U600US5501502100,5501502100,55,15,,,2100,12072755,95680,Cambridge School District,Cambridge School District (part),191
619U600US5501504110,5501504110,55,15,,,4110,219381913,8601701,Edgerton School District,Edgerton School District,12681
619U600US5501504440,5501504440,55,15,,,4440,258111810,794631,Evansville Community School District,Evansville Community School District,9953
619U600US5501504740,5501504740,55,15,,,4740,120017579,42710574,Fort Atkinson School District,Fort Atkinson School District (part),3933
619U600US5501507020,5501507020,55,15,,,7020,165071390,3611991,Janesville School District,Janesville School District (part),62133
619U600US5501507230,5501507230,55,15,,,7230,140379962,18544,Juda School District,Juda School District,1281
619U600US5501509570,5501509570,55,15,,,9570,162830855,2795918,Milton School District,Milton School District (part),11149
619U600US5501509840,5501509840,55,15,,,9840,81718238,0,Monroe School District,Monroe School District (part),1053
619U600US5501509900,5501509900,55,15,,,9900,34015052,0,Monticello School District,Monticello School District (part),215
619U600US5501511100,5501511100,55,15,,,11100,38833455,221428,Oregon School District,Oregon School District (part),4026
619U600US5501511130,5501511130,55,15,,,11130,325846769,637541,Parkview School District,Parkview School District,6035
619U600US5501511350,5501511350,55,15,,,11350,502375,0,Palmyra-Eagle Area School District,Palmyra-Eagle Area School District (part),0
619U600US5501514550,5501514550,55,15,,,14550,117049993,1911712,Stoughton Area School District,Stoughton Area School District (part),1972
619U600US5501516680,5501516680,55,15,,,16680,214039414,3981017,Whitewater School District,Whitewater School District (part),18004
619U600US5501602100,5501602100,55,16,,,2100,371497,0,Cambridge School District,Cambridge School District (part),1
619U600US5501603180,5501603180,55,16,,,3180,7799804,1134,DeForest Area School District,DeForest Area School District (part),2800
619U600US5501603270,5501603270,55,16,,,3270,20288072,55373,Deerfield Community School District,Deerfield Community School District (part),455
619U600US5501608520,5501608520,55,16,,,8520,88912102,1656630,Madison Metropolitan School District,Madison Metropolitan School District (part),80619
619U600US5501608790,5501608790,55,16,,,8790,19931635,0,Marshall School District,Marshall School District (part),325
619U600US5501608910,5501608910,55,16,,,8910,50459658,11991511,McFarland School District,McFarland School District (part),12603
619U600US5501609810,5501609810,55,16,,,9810,64763008,342687,Monona Grove School District,Monona Grove School District,18817
619U600US5501611100,5501611100,55,16,,,11100,40852405,787544,Oregon School District,Oregon School District (part),2985
619U600US5501614550,5501614550,55,16,,,14550,150595673,14083165,Stoughton Area School District,Stoughton Area School District (part),19120
619U600US5501614640,5501614640,55,16,,,14640,107975179,55500,Sun Prairie Area School District,Sun Prairie Area School District (part),44366
619U600US5501615330,5501615330,55,16,,,15330,17069647,190291,Verona Area School District,Verona Area School District (part),10401
619U600US5501615810,5501615810,55,16,,,15810,638273,28379,Waunakee Community School District,Waunakee Community School District (part),0
619U600US5501700017,5501700017,55,17,,,17,544263766,21463871,River Ridge School District,River Ridge School District,3479
619U600US5501700450,5501700450,55,17,,,450,141102026,178282,Argyle School District,Argyle School District (part),1467
619U600US5501700810,5501700810,55,17,,,810,29664878,151558,Baraboo School District,Baraboo School District (part),473
619U600US5501701020,5501701020,55,17,,,1020,263438840,300026,Belmont Community School District,Belmont Community School District,2212
619U600US5501701110,5501701110,55,17,,,1110,83379367,0,Benton School District,Benton School District,1519
619U600US5501701310,5501701310,55,17,,,1310,74522890,55767,Pecatonica Area School District,Pecatonica Area School District (part),1222
619U600US5501701500,5501701500,55,17,,,1500,258322086,4930666,Boscobel Area School District,Boscobel Area School District (part),4900
619U600US5501702400,5501702400,55,17,,,2400,242957273,19147140,Cassville School District,Cassville School District,1810
619U600US5501703030,5501703030,55,17,,,3030,204731861,258432,Cuba City School District,Cuba City School District,4926
619U600US5501703150,5501703150,55,17,,,3150,414372182,1873696,Darlington Community School District,Darlington Community School District,5069
619U600US5501703690,5501703690,55,17,,,3690,383683012,941039,Dodgeville School District,Dodgeville School District (part),7245
619U600US5501704380,5501704380,55,17,,,4380,262521586,138149,Royall School District,Royall School District (part),3513
619U600US5501704590,5501704590,55,17,,,4590,381174084,0,Fennimore Community School District,Fennimore Community School District,5046
619U600US5501704980,5501704980,55,17,,,4980,410221,0,North Crawford School District,North Crawford School District (part),0
619U600US5501705730,5501705730,55,17,,,5730,345445690,171482,Black Hawk School District,Black Hawk School District,2513
619U600US5501706300,5501706300,55,17,,,6300,148946036,6214997,Southwestern Wisconsin School District,Southwestern Wisconsin School District,3949
619U600US5501706420,5501706420,55,17,,,6420,186789593,558155,Highland School District,Highland School District,1579
619U600US5501706480,5501706480,55,17,,,6480,135070091,48472,Hillsboro School District,Hillsboro School District (part),1216
619U600US5501706870,5501706870,55,17,,,6870,423619699,344171,Iowa-Grant School District,Iowa-Grant School District,4337
619U600US5501706960,5501706960,55,17,,,6960,228661459,44278,Ithaca School District,Ithaca School District,1674
619U600US5501707560,5501707560,55,17,,,7560,3537587,0,La Farge School District,La Farge School District (part),15
619U600US5501707770,5501707770,55,17,,,7770,372994263,28413,Lancaster Community School District,Lancaster Community School District,6358
619U600US5501708850,5501708850,55,17,,,8850,528564935,9906403,Mauston School District,Mauston School District,10052
619U600US5501709660,5501709660,55,17,,,9660,282599408,250893,Mineral Point School District,Mineral Point School District (part),3943
619U600US5501709840,5501709840,55,17,,,9840,302425296,354779,Monroe School District,Monroe School District (part),14173
619U600US5501710140,5501710140,55,17,,,10140,491650848,13744183,Riverdale School District,Riverdale School District (part),4811
619U600US5501710230,5501710230,55,17,,,10230,553316758,59931699,Necedah Area School District,Necedah Area School District,4973
619U600US5501710380,5501710380,55,17,,,10380,92208609,16209755,Nekoosa School District,Nekoosa School District (part),325
619U600US5501710560,5501710560,55,17,,,10560,291743696,1266100,New Lisbon School District,New Lisbon School District (part),5213
619U600US5501711850,5501711850,55,17,,,11850,378464442,27874,Platteville School District,Platteville School District,15598
619U600US5501712090,5501712090,55,17,,,12090,166510710,37768747,Potosi School District,Potosi School District,2171
619U600US5501712540,5501712540,55,17,,,12540,187016487,1769,Kickapoo Area School District,Kickapoo Area School District (part),1268
619U600US5501712660,5501712660,55,17,,,12660,552968031,7100080,Reedsburg School District,Reedsburg School District (part),17402
619U600US5501712960,5501712960,55,17,,,12960,677239995,1302493,Richland School District,Richland School District,10691
619U600US5501713410,5501713410,55,17,,,13410,9247983,14847,Sauk Prairie School District,Sauk Prairie School District (part),36
619U600US5501713830,5501713830,55,17,,,13830,249775168,0,Shullsburg School District,Shullsburg School District,2036
619U600US5501714250,5501714250,55,17,,,14250,525816536,12713315,River Valley School District,River Valley School District (part),7087
619U600US5501714910,5501714910,55,17,,,14910,235241450,6775109,Tomah Area School District,Tomah Area School District (part),1399
619U600US5501716470,5501716470,55,17,,,16470,257627303,454866,Weston School District,Weston School District,2482
619U600US5501717040,5501717040,55,17,,,17040,83028226,4507496,Wisconsin Dells School District,Wisconsin Dells School District (part),2271
619U600US5501717130,5501717130,55,17,,,17130,245222656,1469088,Wonewoc-Union Center School District,Wonewoc-Union Center School District,3079
619U600US5501801140,5501801140,55,18,,,1140,63236363,3936710,Berlin Area School District,Berlin Area School District (part),742
619U600US5501802160,5501802160,55,18,,,2160,27329520,28166,Campbellsport School District,Campbellsport School District (part),561
619U600US5501804680,5501804680,55,18,,,4680,204001879,3614096,Fond du Lac School District,Fond du Lac School District (part),54614
619U600US5501808220,5501808220,55,18,,,8220,35297023,206423,Lomira School District,Lomira School District (part),635
619U600US5501810530,5501810530,55,18,,,10530,53328799,130578,New Holstein School District,New Holstein School District (part),1265
619U600US5501810740,5501810740,55,18,,,10740,72727470,458304,North Fond du Lac School District,North Fond du Lac School District,8814
619U600US5501810860,5501810860,55,18,,,10860,157632303,951606,Oakfield School District,Oakfield School District (part),3208
619U600US5501810980,5501810980,55,18,,,10980,196952129,6745783,Omro School District,Omro School District (part),7553
619U600US5501811190,5501811190,55,18,,,11190,252177714,2353723,Oshkosh Area School District,Oshkosh Area School District (part),79965
619U600US5501813020,5501813020,55,18,,,13020,106898009,8779989,Ripon Area School District,Ripon Area School District (part),1129
619U600US5501813100,5501813100,55,18,,,13100,275676248,2923387,Rosendale-Brandon School District,Rosendale-Brandon School District (part),4066
619U600US5501815870,5501815870,55,18,,,15870,116908685,1052644,Waupun School District,Waupun School District (part),12805
619U600US5501816830,5501816830,55,18,,,16830,6527729,32614,Winneconne Community School District,Winneconne Community School District (part),481
619U600US5501899997,5501899997,55,18,,,99997,178843,306911609,School District Not Defined,School District Not Defined (part),0
619U600US5501900390,5501900390,55,19,,,390,98458518,1468518,Appleton Area School District,Appleton Area School District (part),85605
619U600US5501904920,5501904920,55,19,,,4920,5211336,0,Freedom Area School District,Freedom Area School District (part),458
619U600US5501906600,5501906600,55,19,,,6600,130233472,130262,Hortonville School District,Hortonville School District (part),14789
619U600US5501909030,5501909030,55,19,,,9030,18829426,3037957,Menasha School District,Menasha School District (part),24227
619U600US5501910320,5501910320,55,19,,,10320,151653951,3973655,Neenah School District,Neenah School District,46801
619U600US5501910590,5501910590,55,19,,,10590,74062160,320549,New London School District,New London School District (part),1628
619U600US5501910980,5501910980,55,19,,,10980,38681210,822092,Omro School District,Omro School District (part),601
619U600US5501911190,5501911190,55,19,,,11190,4604355,8025,Oshkosh Area School District,Oshkosh Area School District (part),149
619U600US5501916500,5501916500,55,19,,,16500,49197570,28256669,Weyauwega-Fremont School District,Weyauwega-Fremont School District (part),780
619U600US5501916830,5501916830,55,19,,,16830,256632902,45132583,Winneconne Community School District,Winneconne Community School District (part),9435
619U600US5501999997,5501999997,55,19,,,99997,1708,61422160,School District Not Defined,School District Not Defined (part),0
619U600US5502002160,5502002160,55,20,,,2160,430773816,8241734,Campbellsport School District,Campbellsport School District (part),9709
619U600US5502002430,5502002430,55,20,,,2430,36139627,0,Cedar Grove-Belgium Area School District,Cedar Grove-Belgium Area School District (part),2935
619U600US5502002460,5502002460,55,20,,,2460,85979613,555474,Cedarburg School District,Cedarburg School District (part),18782
619U600US5502002520,5502002520,55,20,,,2520,69231322,337463,Chilton School District,Chilton School District (part),989
619U600US5502004260,5502004260,55,20,,,4260,75676866,2146833,Elkhart Lake-Glenbeulah School District,Elkhart Lake-Glenbeulah School District (part),522
619U600US5502004680,5502004680,55,20,,,4680,1786995,12189,Fond du Lac School District,Fond du Lac School District (part),18
619U600US5502004890,5502004890,55,20,,,4890,161184276,2036207,Northern Ozaukee School District,Northern Ozaukee School District,5637
619U600US5502005160,5502005160,55,20,,,5160,29928891,0,Germantown School District,Germantown School District (part),2267
619U600US5502005610,5502005610,55,20,,,5610,1752114,10947,Grafton School District,Grafton School District (part),966
619U600US5502007380,5502007380,55,20,,,7380,364283800,2954490,Kewaskum School District,Kewaskum School District,13784
619U600US5502007440,5502007440,55,20,,,7440,24007989,219206,Kiel Area School District,Kiel Area School District (part),365
619U600US5502008220,5502008220,55,20,,,8220,9523612,29827,Lomira School District,Lomira School District (part),92
619U600US5502010530,5502010530,55,20,,,10530,260133216,1544062,New Holstein School District,New Holstein School District (part),7725
619U600US5502011070,5502011070,55,20,,,11070,2328646,27787,Oostburg School District,Oostburg School District (part),117
619U600US5502011940,5502011940,55,20,,,11940,205974983,1791762,Plymouth School District,Plymouth School District (part),4950
619U600US5502012000,5502012000,55,20,,,12000,74560757,261492,Port Washington-Saukville School District,Port Washington-Saukville School District (part),17517
619U600US5502012450,5502012450,55,20,,,12450,127564103,549350,Random Lake School District,Random Lake School District (part),2322
619U600US5502013680,5502013680,55,20,,,13680,20014348,263701,Sheboygan Falls School District,Sheboygan Falls School District (part),723
619U600US5502013950,5502013950,55,20,,,13950,201494474,2994952,Slinger School District,Slinger School District,16628
619U600US5502016290,5502016290,55,20,,,16290,256622764,4098049,West Bend School District,West Bend School District,52250
619U600US5502099997,5502099997,55,20,,,99997,0,2327561548,School District Not Defined,School District Not Defined (part),0
619U600US5502099999,5502099999,55,20,,,99999,104901161,1932935,20,Remainder of State Senate District 20,18272
619U600US5502101890,5502101890,55,21,,,1890,157722054,5916097,Burlington Area School District,Burlington Area School District (part),18146
619U600US5502107320,5502107320,55,21,,,7320,131218869,813311,Kenosha School District,Kenosha School District (part),24844
619U600US5502110170,5502110170,55,21,,,10170,13808339,4801644,Muskego-Norway School District,Muskego-Norway School District (part),4844
619U600US5502112360,5502112360,55,21,,,12360,222322423,1228860,Racine School District,Racine School District (part),74862
619U600US5502199997,5502199997,55,21,,,99997,0,2398061863,School District Not Defined,School District Not Defined (part),0
619U600US5502199999,5502199999,55,21,,,99999,749373557,16475831,21,Remainder of State Senate District 21,55506
619U600US5502207320,5502207320,55,22,,,7320,90196863,368137,Kenosha School District,Kenosha School District (part),104442
619U600US5502212360,5502212360,55,22,,,12360,37220248,477045,Racine School District,Racine School District (part),65336
619U600US5502299997,5502299997,55,22,,,99997,0,3320439,School District Not Defined,School District Not Defined (part),0
619U600US5502299999,5502299999,55,22,,,99999,6611770,18498,22,Remainder of State Senate District 22,1341
619U600US5502300030,5502300030,55,23,,,30,53195717,81812,Abbotsford School District,Abbotsford School District (part),3033
619U600US5502300061,5502300061,55,23,,,61,78683962,1644504,Chetek-Weyerhaeuser Area School District,Chetek-Weyerhaeuser Area School District (part),638
619U600US5502300210,5502300210,55,23,,,210,112884394,587227,Alma Center School District,Alma Center School District (part),647
619U600US5502300270,5502300270,55,23,,,270,13062686,2698613,Altoona School District,Altoona School District (part),8149
619U600US5502300570,5502300570,55,23,,,570,757667,0,Athens School District,Athens School District (part),0
619U600US5502300630,5502300630,55,23,,,630,417812041,5052625,Augusta School District,Augusta School District,4721
619U600US5502300870,5502300870,55,23,,,870,36941130,4591,Barron Area School District,Barron Area School District (part),512
619U600US5502301350,5502301350,55,23,,,1350,426317381,5925602,Bloomer School District,Bloomer School District,7523
619U600US5502301590,5502301590,55,23,,,1590,211582211,1679875,Boyceville Community School District,Boyceville Community School District (part),2026
619U600US5502302040,5502302040,55,23,,,2040,388594591,2004927,Cadott Community School District,Cadott Community School District,5311
619U600US5502302550,5502302550,55,23,,,2550,553933012,34314278,Chippewa Falls Area School District,Chippewa Falls Area School District,35634
619U600US5502302730,5502302730,55,23,,,2730,373081391,848961,Colby School District,Colby School District (part),6666
619U600US5502302790,5502302790,55,23,,,2790,470393370,4380896,Colfax School District,Colfax School District,4749
619U600US5502302880,5502302880,55,23,,,2880,255438894,6506374,Cornell School District,Cornell School District,2824
619U600US5502304050,5502304050,55,23,,,4050,84605194,922464,Eau Claire Area School District,Eau Claire Area School District (part),9162
619U600US5502304080,5502304080,55,23,,,4080,97883838,16870,Edgar School District,Edgar School District (part),2499
619U600US5502304200,5502304200,55,23,,,4200,24057901,0,Eleva-Strum School District,Eleva-Strum School District (part),172
619U600US5502304230,5502304230,55,23,,,4230,218220841,2749696,Elk Mound Area School District,Elk Mound Area School District (part),4985
619U600US5502304500,5502304500,55,23,,,4500,238803148,1448083,Fall Creek School District,Fall Creek School District (part),3832
619U600US5502305280,5502305280,55,23,,,5280,31915621,229725,Gilman School District,Gilman School District (part),130
619U600US5502305640,5502305640,55,23,,,5640,191082474,653002,Granton Area School District,Granton Area School District,2084
619U600US5502305970,5502305970,55,23,,,5970,384527464,4424277,Greenwood School District,Greenwood School District,3341
619U600US5502307680,5502307680,55,23,,,7680,329354395,16180451,Lake Holcombe School District,Lake Holcombe School District (part),2050
619U600US5502308250,5502308250,55,23,,,8250,296217233,511047,Loyal School District,Loyal School District,3902
619U600US5502308820,5502308820,55,23,,,8820,336504839,849406,Marshfield School District,Marshfield School District (part),21110
619U600US5502309090,5502309090,55,23,,,9090,213495914,8867707,Menomonie Area School District,Menomonie Area School District (part),4837
619U600US5502310350,5502310350,55,23,,,10350,717236401,7788972,Neillsville School District,Neillsville School District,6347
619U600US5502310440,5502310440,55,23,,,10440,185784736,15179167,New Auburn School District,New Auburn School District (part),1679
619U600US5502311220,5502311220,55,23,,,11220,698464776,1935398,Osseo-Fairchild School District,Osseo-Fairchild School District (part),5561
619U600US5502311310,5502311310,55,23,,,11310,328493963,3724045,Owen-Withee School District,Owen-Withee School District (part),4291
619U600US5502311790,5502311790,55,23,,,11790,166194790,1195491,Pittsville School District,Pittsville School District (part),695
619U600US5502312180,5502312180,55,23,,,12180,63186574,449730,Prairie Farm School District,Prairie Farm School District (part),294
619U600US5502314190,5502314190,55,23,,,14190,209558266,713192,Spencer School District,Spencer School District,4407
619U600US5502314430,5502314430,55,23,,,14430,394595149,3927347,Stanley-Boyd Area School District,Stanley-Boyd Area School District (part),7251
619U600US5502314580,5502314580,55,23,,,14580,236467029,2360842,Stratford School District,Stratford School District (part),4304
619U600US5502314820,5502314820,55,23,,,14820,336354155,1225350,Thorp School District,Thorp School District (part),4160
619U600US5502314970,5502314970,55,23,,,14970,10043276,0,Flambeau School District,Flambeau School District (part),17
619U600US5502400060,5502400060,55,24,,,60,579642804,54720257,Adams-Friendship Area School District,Adams-Friendship Area School District (part),4214
619U600US5502400240,5502400240,55,24,,,240,282619548,1871713,Almond-Bancroft School District,Almond-Bancroft School District,2504
619U600US5502400330,5502400330,55,24,,,330,254230982,4160934,Tomorrow River School District,Tomorrow River School District,5102
619U600US5502400600,5502400600,55,24,,,600,260478534,436421,Auburndale School District,Auburndale School District (part),2955
619U600US5502400780,5502400780,55,24,,,780,3070095,0,Bangor School District,Bangor School District (part),87
619U600US5502401140,5502401140,55,24,,,1140,2576676,0,Berlin Area School District,Berlin Area School District (part),46
619U600US5502401260,5502401260,55,24,,,1260,507657348,8611141,Black River Falls School District,Black River Falls School District (part),1177
619U600US5502406840,5502406840,55,24,,,6840,20468323,588005,Iola-Scandinavia School District,Iola-Scandinavia School District (part),115
619U600US5502408820,5502408820,55,24,,,8820,49945941,24354,Marshfield School District,Marshfield School District (part),945
619U600US5502409000,5502409000,55,24,,,9000,48476227,521142,Melrose-Mindoro School District,Melrose-Mindoro School District (part),275
619U600US5502410380,5502410380,55,24,,,10380,285331378,27193739,Nekoosa School District,Nekoosa School District (part),8705
619U600US5502410560,5502410560,55,24,,,10560,2319821,0,New Lisbon School District,New Lisbon School District (part),4
619U600US5502411790,5502411790,55,24,,,11790,761250996,14837835,Pittsville School District,Pittsville School District (part),3003
619U600US5502411820,5502411820,55,24,,,11820,559499895,2504007,Tri-County Area School District,Tri-County Area School District,3938
619U600US5502411970,5502411970,55,24,,,11970,143745907,17721068,Port Edwards School District,Port Edwards School District,3716
619U600US5502413140,5502413140,55,24,,,13140,242111446,3391147,Rosholt School District,Rosholt School District (part),2812
619U600US5502414160,5502414160,55,24,,,14160,475701481,770443,Sparta Area School District,Sparta Area School District (part),15049
619U600US5502414490,5502414490,55,24,,,14490,951553082,43977625,Stevens Point Area School District,Stevens Point Area School District,56883
619U600US5502414910,5502414910,55,24,,,14910,779490511,25660964,Tomah Area School District,Tomah Area School District (part),16787
619U600US5502415840,5502415840,55,24,,,15840,54740661,189561,Waupaca School District,Waupaca School District (part),739
619U600US5502415960,5502415960,55,24,,,15960,349496507,6034820,Wautoma Area School District,Wautoma Area School District (part),7184
619U600US5502416440,5502416440,55,24,,,16440,118642096,924086,Westfield School District,Westfield School District (part),1567
619U600US5502416710,5502416710,55,24,,,16710,104096241,155713,Wild Rose School District,Wild Rose School District (part),819
619U600US5502417070,5502417070,55,24,,,17070,599244748,9952579,Wisconsin Rapids School District,Wisconsin Rapids School District,35185
619U600US5502500058,5502500058,55,25,,,58,1823174818,85806914,Chequamegon School District,Chequamegon School District,6456
619U600US5502500061,5502500061,55,25,,,61,297961292,14212440,Chetek-Weyerhaeuser Area School District,Chetek-Weyerhaeuser Area School District (part),6220
619U600US5502500510,5502500510,55,25,,,510,1054909012,12159714,Ashland School District,Ashland School District,13161
619U600US5502500750,5502500750,55,25,,,750,23938750,418986,Unity School District,Unity School District (part),132
619U600US5502500870,5502500870,55,25,,,870,429436155,1156801,Barron Area School District,Barron Area School District (part),8421
619U600US5502500900,5502500900,55,25,,,900,420752201,789405,Bayfield School District,Bayfield School District,3351
619U600US5502501170,5502501170,55,25,,,1170,141163962,21565341,Birchwood School District,Birchwood School District (part),1385
619U600US5502501590,5502501590,55,25,,,1590,73615470,108594,Boyceville Community School District,Boyceville Community School District (part),539
619U600US5502501920,5502501920,55,25,,,1920,600156689,5003306,Butternut School District,Butternut School District,1151
619U600US5502502130,5502502130,55,25,,,2130,174775861,2915611,Cameron School District,Cameron School District,4941
619U600US5502502580,5502502580,55,25,,,2580,67915180,250079,Clayton School District,Clayton School District (part),509
619U600US5502502610,5502502610,55,25,,,2610,203469802,498321,Clear Lake School District,Clear Lake School District (part),2740
619U600US5502503090,5502503090,55,25,,,3090,465774483,21999842,Cumberland School District,Cumberland School District,6083
619U600US5502503810,5502503810,55,25,,,3810,1677597880,71114353,Drummond Area School District,Drummond Area School District,4231
619U600US5502504860,5502504860,55,25,,,4860,148319,0,Frederic School District,Frederic School District (part),6
619U600US5502505520,5502505520,55,25,,,5520,42391729,37014,Glenwood City School District,Glenwood City School District (part),256
619U600US5502506270,5502506270,55,25,,,6270,615812708,47166972,Hayward Community School District,Hayward Community School District (part),2657
619U600US5502506750,5502506750,55,25,,,6750,1220731686,25420026,Hurley School District,Hurley School District,4196
619U600US5502508280,5502508280,55,25,,,8280,65621886,1717225,Luck School District,Luck School District (part),174
619U600US5502508640,5502508640,55,25,,,8640,1132208921,23965198,Maple School District,Maple School District,8213
619U600US5502508970,5502508970,55,25,,,8970,516297840,6654325,Mellen School District,Mellen School District,1811
619U600US5502509150,5502509150,55,25,,,9150,436305993,42426489,Mercer School District,Mercer School District,1649
619U600US5502509720,5502509720,55,25,,,9720,1021097288,63616094,Northwood School District,Northwood School District,3305
619U600US5502510440,5502510440,55,25,,,10440,25983511,13511,New Auburn School District,New Auburn School District (part),269
619U600US5502511730,5502511730,55,25,,,11730,1491492708,27695549,Phillips School District,Phillips School District,6047
619U600US5502512030,5502512030,55,25,,,12030,751509793,2843698,South Shore School District,South Shore School District,1966
619U600US5502512180,5502512180,55,25,,,12180,166972294,125383,Prairie Farm School District,Prairie Farm School District (part),1650
619U600US5502512210,5502512210,55,25,,,12210,799659868,3401182,Prentice School District,Prentice School District (part),2647
619U600US5502512780,5502512780,55,25,,,12780,65062675,2251427,Rib Lake School District,Rib Lake School District (part),227
619U600US5502512810,5502512810,55,25,,,12810,577717827,35887537,Rice Lake Area School District,Rice Lake Area School District,16431
619U600US5502513710,5502513710,55,25,,,13710,381042324,23138173,Shell Lake School District,Shell Lake School District,3689
619U600US5502513890,5502513890,55,25,,,13890,116714269,7866236,Siren School District,Siren School District (part),760
619U600US5502513980,5502513980,55,25,,,13980,402492336,8697329,Solon Springs School District,Solon Springs School District,2281
619U600US5502514220,5502514220,55,25,,,14220,1271284280,81178290,Spooner Area School District,Spooner Area School District,10732
619U600US5502514670,5502514670,55,25,,,14670,1016123917,33509359,Superior School District,Superior School District,33546
619U600US5502514970,5502514970,55,25,,,14970,69080522,0,Flambeau School District,Flambeau School District (part),87
619U600US5502515060,5502515060,55,25,,,15060,199199548,10816625,Turtle Lake School District,Turtle Lake School District (part),2639
619U600US5502515540,5502515540,55,25,,,15540,480961776,924423,Washburn School District,Washburn School District,3862
619U600US5502516230,5502516230,55,25,,,16230,1066788008,72714361,Webster School District,Webster School District (part),4289
619U600US5502599997,5502599997,55,25,,,99997,142640295,5229652656,School District Not Defined,School District Not Defined (part),1
619U600US5502599999,5502599999,55,25,,,99999,256887278,73941941,25,Remainder of State Senate District 25,3558
619U600US5502608520,5502608520,55,26,,,8520,97561463,1968553,Madison Metropolitan School District,Madison Metropolitan School District (part),191492
619U600US5502608910,5502608910,55,26,,,8910,3869,0,McFarland School District,McFarland School District (part),0
619U600US5502609510,5502609510,55,26,,,9510,10635032,32742,Middleton-Cross Plains School District,Middleton-Cross Plains School District (part),8445
619U600US5502611100,5502611100,55,26,,,11100,133761,0,Oregon School District,Oregon School District (part),0
619U600US5502615330,5502615330,55,26,,,15330,3212219,35976,Verona Area School District,Verona Area School District (part),1882
619U600US5502699997,5502699997,55,26,,,99997,0,51860371,School District Not Defined,School District Not Defined (part),0
619U600US5502700120,5502700120,55,27,,,120,42070207,0,Albany School District,Albany School District (part),474
619U600US5502700450,5502700450,55,27,,,450,73290678,0,Argyle School District,Argyle School District (part),380
619U600US5502700810,5502700810,55,27,,,810,372023910,9194850,Baraboo School District,Baraboo School District (part),20672
619U600US5502700840,5502700840,55,27,,,840,174946798,63154,Barneveld School District,Barneveld School District,2397
619U600US5502700990,5502700990,55,27,,,990,184176084,1091778,Belleville School District,Belleville School District,5586
619U600US5502701230,5502701230,55,27,,,1230,267454062,1836077,Wisconsin Heights School District,Wisconsin Heights School District,6270
619U600US5502701310,5502701310,55,27,,,1310,220435649,17224,Pecatonica Area School District,Pecatonica Area School District (part),1605
619U600US5502703180,5502703180,55,27,,,3180,81911370,636343,DeForest Area School District,DeForest Area School District (part),7425
619U600US5502703690,5502703690,55,27,,,3690,111331125,60134,Dodgeville School District,Dodgeville School District (part),1141
619U600US5502708190,5502708190,55,27,,,8190,46257458,5866894,Lodi School District,Lodi School District (part),708
619U600US5502708520,5502708520,55,27,,,8520,3858411,366,Madison Metropolitan School District,Madison Metropolitan School District (part),1658
619U600US5502709510,5502709510,55,27,,,9510,191791540,1170170,Middleton-Cross Plains School District,Middleton-Cross Plains School District (part),35136
619U600US5502709660,5502709660,55,27,,,9660,63254836,0,Mineral Point School District,Mineral Point School District (part),329
619U600US5502709840,5502709840,55,27,,,9840,26608495,0,Monroe School District,Monroe School District (part),193
619U600US5502709900,5502709900,55,27,,,9900,132925092,41694,Monticello School District,Monticello School District (part),2333
619U600US5502709990,5502709990,55,27,,,9990,369860923,103862,Mount Horeb Area School District,Mount Horeb Area School District,13055
619U600US5502710500,5502710500,55,27,,,10500,206884230,3104,New Glarus School District,New Glarus School District,4895
619U600US5502711100,5502711100,55,27,,,11100,140344006,695568,Oregon School District,Oregon School District (part),16341
619U600US5502712060,5502712060,55,27,,,12060,305095147,23394337,Portage Community School District,Portage Community School District (part),13336
619U600US5502712120,5502712120,55,27,,,12120,1047342,0,Poynette School District,Poynette School District (part),6
619U600US5502712660,5502712660,55,27,,,12660,61254621,510882,Reedsburg School District,Reedsburg School District (part),348
619U600US5502713410,5502713410,55,27,,,13410,564295744,21240108,Sauk Prairie School District,Sauk Prairie School District (part),16473
619U600US5502714250,5502714250,55,27,,,14250,222811026,7201370,River Valley School District,River Valley School District (part),2362
619U600US5502714640,5502714640,55,27,,,14640,13706196,101665,Sun Prairie Area School District,Sun Prairie Area School District (part),2282
619U600US5502715330,5502715330,55,27,,,15330,118885884,449913,Verona Area School District,Verona Area School District (part),17015
619U600US5502715810,5502715810,55,27,,,15810,128761031,3347476,Waunakee Community School District,Waunakee Community School District (part),21811
619U600US5502717040,5502717040,55,27,,,17040,88567377,4326219,Wisconsin Dells School District,Wisconsin Dells School District (part),1274
619U600US5502804020,5502804020,55,28,,,4020,39351554,235864,East Troy Community School District,East Troy Community School District (part),805
619U600US5502804830,5502804830,55,28,,,4830,74139693,271953,Franklin Public School District,Franklin Public School District (part),29266
619U600US5502805910,5502805910,55,28,,,5910,14414516,22101,Greendale School District,Greendale School District,14854
619U600US5502805940,5502805940,55,28,,,5940,13536426,0,Greenfield School District,Greenfield School District (part),21880
619U600US5502806000,5502806000,55,28,,,6000,21144698,30660,Whitnall School District,Whitnall School District,18231
619U600US5502809600,5502809600,55,28,,,9600,7376567,0,Milwaukee School District,Milwaukee School District (part),19733
619U600US5502810060,5502810060,55,28,,,10060,83409531,2776969,Mukwonago School District,Mukwonago School District (part),8887
619U600US5502810170,5502810170,55,28,,,10170,82610034,11225369,Muskego-Norway School District,Muskego-Norway School District (part),25048
619U600US5502810470,5502810470,55,28,,,10470,53099894,527424,New Berlin School District,New Berlin School District (part),19467
619U600US5502810710,5502810710,55,28,,,10710,3191700,240579,Norris School District,Norris School District,63
619U600US5502810830,5502810830,55,28,,,10830,10594561,0,Oak Creek-Franklin School District,Oak Creek-Franklin School District (part),3524
619U600US5502815780,5502815780,55,28,,,15780,24729224,287112,Waukesha School District,Waukesha School District (part),3263
619U600US5502816260,5502816260,55,28,,,16260,468213,0,West Allis School District,West Allis School District (part),410
619U600US5502899999,5502899999,55,28,,,99999,88410214,5865431,28,Remainder of State Senate District 28,12064
619U600US5502900030,5502900030,55,29,,,30,54320986,0,Abbotsford School District,Abbotsford School District (part),650
619U600US5502900061,5502900061,55,29,,,61,257316129,10963495,Chetek-Weyerhaeuser Area School District,Chetek-Weyerhaeuser Area School District (part),1486
619U600US5502900570,5502900570,55,29,,,570,312472018,24545,Athens School District,Athens School District (part),3550
619U600US5502900600,5502900600,55,29,,,600,134000793,3720309,Auburndale School District,Auburndale School District (part),1588
619U600US5502901170,5502901170,55,29,,,1170,420288122,18982831,Birchwood School District,Birchwood School District (part),955
619U600US5502901830,5502901830,55,29,,,1830,688352960,14550840,Bruce School District,Bruce School District,3575
619U600US5502902730,5502902730,55,29,,,2730,53457896,15526,Colby School District,Colby School District (part),482
619U600US5502904080,5502904080,55,29,,,4080,113146366,18307,Edgar School District,Edgar School District (part),1122
619U600US5502905280,5502905280,55,29,,,5280,806437492,13612017,Gilman School District,Gilman School District (part),2874
619U600US5502906270,5502906270,55,29,,,6270,771390476,152417600,Hayward Community School District,Hayward Community School District (part),11761
619U600US5502907590,5502907590,55,29,,,7590,290006986,4014168,Ladysmith School District,Ladysmith School District,4963
619U600US5502907680,5502907680,55,29,,,7680,122376830,3653922,Lake Holcombe School District,Lake Holcombe School District (part),621
619U600US5502908670,5502908670,55,29,,,8670,266801444,189427,Marathon City School District,Marathon City School District (part),4453
619U600US5502908820,5502908820,55,29,,,8820,96582978,91933,Marshfield School District,Marshfield School District (part),5575
619U600US5502908940,5502908940,55,29,,,8940,901922007,3863001,Medford Area School District,Medford Area School District,13366
619U600US5502909210,5502909210,55,29,,,9210,662622,0,Merrill Area School District,Merrill Area School District (part),6
619U600US5502909960,5502909960,55,29,,,9960,550621614,50212687,Mosinee School District,Mosinee School District,13117
619U600US5502911310,5502911310,55,29,,,11310,76846440,2805,Owen-Withee School District,Owen-Withee School District (part),279
619U600US5502912780,5502912780,55,29,,,12780,658664950,6938731,Rib Lake School District,Rib Lake School District (part),3012
619U600US5502913140,5502913140,55,29,,,13140,104117783,1598537,Rosholt School District,Rosholt School District (part),923
619U600US5502913170,5502913170,55,29,,,13170,403551195,3942296,D.C. Everest Area School District,D.C. Everest Area School District,35984
619U600US5502914430,5502914430,55,29,,,14430,82407673,301679,Stanley-Boyd Area School District,Stanley-Boyd Area School District (part),554
619U600US5502914580,5502914580,55,29,,,14580,58080384,2955414,Stratford School District,Stratford School District (part),801
619U600US5502914820,5502914820,55,29,,,14820,63909744,390730,Thorp School District,Thorp School District (part),511
619U600US5502914970,5502914970,55,29,,,14970,966335268,12586165,Flambeau School District,Flambeau School District (part),4137
619U600US5502915900,5502915900,55,29,,,15900,460665127,9106909,Wausau School District,Wausau School District (part),53650
619U600US5502916860,5502916860,55,29,,,16860,1673715507,27515574,Winter School District,Winter School District,3132
619U600US5502917100,5502917100,55,29,,,17100,324697553,4962362,Wittenberg-Birnamwood School District,Wittenberg-Birnamwood School District (part),3057
619U600US5503000540,5503000540,55,30,,,540,274626,121908,Ashwaubenon School District,Ashwaubenon School District (part),0
619U600US5503002760,5503002760,55,30,,,2760,195880622,1213514,Coleman School District,Coleman School District (part),2940
619U600US5503003210,5503003210,55,30,,,3210,70059639,81786,De Pere Unified School District,De Pere Unified School District (part),16653
619U600US5503003660,5503003660,55,30,,,3660,55236232,42415,Denmark School District,Denmark School District (part),885
619U600US5503005820,5503005820,55,30,,,5820,124357288,2008065,Green Bay Area School District,Green Bay Area School District (part),103268
619U600US5503006630,5503006630,55,30,,,6630,111129521,425866,Howard-Suamico School District,Howard-Suamico School District (part),19580
619U600US5503007860,5503007860,55,30,,,7860,129312973,0,Lena School District,Lena School District (part),1276
619U600US5503008700,5503008700,55,30,,,8700,83303926,909229,Marinette School District,Marinette School District (part),13495
619U600US5503010920,5503010920,55,30,,,10920,255323927,1899902,Oconto School District,Oconto School District,7469
619U600US5503010950,5503010950,55,30,,,10950,188542573,2505761,Oconto Falls School District,Oconto Falls School District (part),4978
619U600US5503011610,5503011610,55,30,,,11610,217351138,3713514,Peshtigo School District,Peshtigo School District (part),6284
619U600US5503012330,5503012330,55,30,,,12330,53600021,10619,Pulaski Community School District,Pulaski Community School District (part),4121
619U600US5503099997,5503099997,55,30,,,99997,557822,752032841,School District Not Defined,School District Not Defined (part),0
619U600US5503100016,5503100016,55,31,,,16,461495559,325617,Blair-Taylor School District,Blair-Taylor School District,4345
619U600US5503100180,5503100180,55,31,,,180,321484053,33011847,Alma School District,Alma School District,1508
619U600US5503100210,5503100210,55,31,,,210,246321778,260125,Alma Center School District,Alma Center School District (part),2296
619U600US5503100270,5503100270,55,31,,,270,21675581,861423,Altoona School District,Altoona School District (part),2252
619U600US5503100420,5503100420,55,31,,,420,522901961,799656,Arcadia School District,Arcadia School District,6387
619U600US5503101260,5503101260,55,31,,,1260,663676335,5626861,Black River Falls School District,Black River Falls School District (part),11438
619U600US5503102700,5503102700,55,31,,,2700,408857444,46215295,Cochrane-Fountain City School District,Cochrane-Fountain City School District,4537
619U600US5503103840,5503103840,55,31,,,3840,747288977,18838544,Durand School District,Durand School District,7339
619U600US5503104050,5503104050,55,31,,,4050,412939960,9146797,Eau Claire Area School District,Eau Claire Area School District (part),77037
619U600US5503104200,5503104200,55,31,,,4200,298611466,584351,Eleva-Strum School District,Eleva-Strum School District (part),3614
619U600US5503104230,5503104230,55,31,,,4230,3669075,104769,Elk Mound Area School District,Elk Mound Area School District (part),208
619U600US5503104320,5503104320,55,31,,,4320,555269534,36590606,Ellsworth Community School District,Ellsworth Community School District (part),11200
619U600US5503104350,5503104350,55,31,,,4350,245512349,651992,Elmwood School District,Elmwood School District,1989
619U600US5503104500,5503104500,55,31,,,4500,34398260,0,Fall Creek School District,Fall Creek School District (part),500
619U600US5503104960,5503104960,55,31,,,4960,464827046,21393362,Galesville-Ettrick-Trempealeau School District,Galesville-Ettrick-Trempealeau School District,9337
619U600US5503105370,5503105370,55,31,,,5370,245432275,1708516,Gilmanton School District,Gilmanton School District,1077
619U600US5503106810,5503106810,55,31,,,6810,252079324,738087,Independence School District,Independence School District,2589
619U600US5503109000,5503109000,55,31,,,9000,259381545,3769463,Melrose-Mindoro School District,Melrose-Mindoro School District (part),2276
619U600US5503109090,5503109090,55,31,,,9090,177273623,3086079,Menomonie Area School District,Menomonie Area School District (part),1638
619U600US5503109780,5503109780,55,31,,,9780,481520994,1304412,Mondovi School District,Mondovi School District,5811
619U600US5503111220,5503111220,55,31,,,11220,57669212,20047,Osseo-Fairchild School District,Osseo-Fairchild School District (part),358
619U600US5503111580,5503111580,55,31,,,11580,203593044,35553777,Pepin Area School District,Pepin Area School District,1986
619U600US5503111880,5503111880,55,31,,,11880,212205371,665789,Plum City School District,Plum City School District,1745
619U600US5503112240,5503112240,55,31,,,12240,184033268,9659313,Prescott School District,Prescott School District,8215
619U600US5503113050,5503113050,55,31,,,13050,80200604,284461,River Falls School District,River Falls School District (part),1592
619U600US5503114340,5503114340,55,31,,,14340,190180358,1335694,Spring Valley School District,Spring Valley School District (part),3148
619U600US5503116650,5503116650,55,31,,,16650,356947042,137684,Whitehall School District,Whitehall School District,4976
619U600US5503200780,5503200780,55,32,,,780,235490288,3689,Bangor School District,Bangor School District (part),3870
619U600US5503201500,5503201500,55,32,,,1500,189399189,2159453,Boscobel Area School District,Boscobel Area School District (part),950
619U600US5503202340,5503202340,55,32,,,2340,307625468,240376,Cashton School District,Cashton School District,4124
619U600US5503203240,5503203240,55,32,,,3240,417289072,80362426,De Soto Area School District,De Soto Area School District,4450
619U600US5503204380,5503204380,55,32,,,4380,28275960,7082,Royall School District,Royall School District (part),296
619U600US5503204980,5503204980,55,32,,,4980,390170787,220488,North Crawford School District,North Crawford School District (part),3128
619U600US5503206480,5503206480,55,32,,,6480,231187348,255851,Hillsboro School District,Hillsboro School District (part),3235
619U600US5503206540,5503206540,55,32,,,6540,232524411,24271044,Holmen School District,Holmen School District,22332
619U600US5503207530,5503207530,55,32,,,7530,215096520,51700628,La Crosse School District,La Crosse School District,64366
619U600US5503207560,5503207560,55,32,,,7560,175578344,541514,La Farge School District,La Farge School District (part),1921
619U600US5503209000,5503209000,55,32,,,9000,190748511,402770,Melrose-Mindoro School District,Melrose-Mindoro School District (part),2026
619U600US5503210140,5503210140,55,32,,,10140,2314625,1090,Riverdale School District,Riverdale School District (part),3
619U600US5503210770,5503210770,55,32,,,10770,402370266,439124,Norwalk-Ontario-Wilton School District,Norwalk-Ontario-Wilton School District,4369
619U600US5503211010,5503211010,55,32,,,11010,34618794,2029314,Onalaska School District,Onalaska School District,18137
619U600US5503212150,5503212150,55,32,,,12150,220095952,19128815,Prairie du Chien Area School District,Prairie du Chien Area School District,8061
619U600US5503212540,5503212540,55,32,,,12540,195239937,691892,Kickapoo Area School District,Kickapoo Area School District (part),1972
619U600US5503213470,5503213470,55,32,,,13470,284544752,19669552,Seneca School District,Seneca School District,1650
619U600US5503214160,5503214160,55,32,,,14160,258993724,298670,Sparta Area School District,Sparta Area School District (part),3346
619U600US5503214910,5503214910,55,32,,,14910,167927796,10033,Tomah Area School District,Tomah Area School District (part),2271
619U600US5503215360,5503215360,55,32,,,15360,499185933,892781,Viroqua Area School District,Viroqua Area School District,8929
619U600US5503216020,5503216020,55,32,,,16020,241737408,5592941,Wauzeka-Steuben School District,Wauzeka-Steuben School District,1447
619U600US5503216350,5503216350,55,32,,,16350,245127932,2493573,West Salem School District,West Salem School District,10362
619U600US5503216410,5503216410,55,32,,,16410,441144121,404935,Westby Area School District,Westby Area School District,7911
619U600US5503303510,5503303510,55,33,,,3510,190790263,11550628,Kettle Moraine School District,Kettle Moraine School District (part),23296
619U600US5503306030,5503306030,55,33,,,6030,26854920,180334,Hamilton School District,Hamilton School District (part),12307
619U600US5503310060,5503310060,55,33,,,10060,51877743,1239213,Mukwonago School District,Mukwonago School District (part),5503
619U600US5503310890,5503310890,55,33,,,10890,19415314,7400680,Oconomowoc Area School District,Oconomowoc Area School District (part),2533
619U600US5503311350,5503311350,55,33,,,11350,2905981,24366,Palmyra-Eagle Area School District,Palmyra-Eagle Area School District (part),17
619U600US5503311640,5503311640,55,33,,,11640,35117045,5059189,Pewaukee School District,Pewaukee School District,18480
619U600US5503315780,5503315780,55,33,,,15780,145366403,2047747,Waukesha School District,Waukesha School District (part),84044
619U600US5503399999,5503399999,55,33,,,99999,128253647,13957247,33,Remainder of State Senate District 33,29597