GEOID,GEOCODE,STATE,CD116,SDELM,SDSEC,SDUNI,AREALAND,AREAWATR,BASENAME,NAME,POP100
5701600US550100052,550100052,55,1,52,,,26299929,2369563,Trevor-Wilmot Consolidated School District,Trevor-Wilmot Consolidated School District,3859
5701600US550101650,550101650,55,1,1650,,,86854456,505856,Brighton No. 1 School District,Brighton No. 1 School District,1291
5701600US550101710,550101710,55,1,1710,,,86970017,627167,Bristol No. 1 School District,Bristol No. 1 School District,5963
5701600US550103750,550103750,55,1,3750,,,28712859,57787,Dover No. 1 School District,Dover No. 1 School District,1943
5701600US550104720,550104720,55,1,4720,,,28043557,998410,Fontana Joint No. 8 School District,Fontana Joint No. 8 School District,3962
5701600US550105100,550105100,55,1,5100,,,10571483,0,Geneva Joint No. 4 School District,Geneva Joint No. 4 School District,1105
5701600US550105130,550105130,55,1,5130,,,46535679,898563,Genoa City Joint No. 2 School District,Genoa City Joint No. 2 School District,5068
5701600US550107620,550107620,55,1,7620,,,136227056,1679737,Lake Geneva Joint No. 1 School District,Lake Geneva Joint No. 1 School District,18339
5701600US550108040,550108040,55,1,8040,,,36472524,39134,Linn Joint No. 4 School District,Linn Joint No. 4 School District,1003
5701600US550108070,550108070,55,1,8070,,,41137157,2397,Linn Joint No. 6 School District,Linn Joint No. 6 School District,1295
5701600US550110800,550110800,55,1,10800,,,21058068,32878,Norway Joint No. 7 School District,Norway Joint No. 7 School District,839
5701600US550111400,550111400,55,1,11400,,,92980403,6123,Paris Joint No. 1 School District,Paris Joint No. 1 School District,1668
5701600US550112390,550112390,55,1,12390,,,42881698,1697455,Randall Joint No. 1 School District,Randall Joint No. 1 School District,5683
5701600US550112480,550112480,55,1,12480,,,80655156,340856,Raymond No. 14 School District,Raymond No. 14 School District,3389
5701600US550112510,550112510,55,1,12510,,,53146842,153504,North Cape School District,North Cape School District,1918
5701600US550113350,550113350,55,1,13350,,,44379686,2570882,Salem School District,Salem School District,9482
5701600US550113560,550113560,55,1,13560,,,51136895,0,Sharon Joint No. 11 School District,Sharon Joint No. 11 School District,1975
5701600US550113860,550113860,55,1,13860,,,10239310,2920956,Silver Lake Joint No. 1 School District,Silver Lake Joint No. 1 School District,4000
5701600US550115090,550115090,55,1,15090,,,6755705,4064458,Twin Lakes No. 4 School District,Twin Lakes No. 4 School District,3708
5701600US550115180,550115180,55,1,15180,,,25277969,33319,Union Grove Joint No. 1 School District,Union Grove Joint No. 1 School District,5269
5701600US550115450,550115450,55,1,15450,,,69894569,146130,Walworth Joint No. 1 School District,Walworth Joint No. 1 School District,3850
5701600US550115660,550115660,55,1,15660,,,120608186,5364001,Waterford Joint No. 1 School District,Waterford Joint No. 1 School District,14230
5701600US550115700,550115700,55,1,15700,,,22214322,1064357,Washington-Caldwell School District,Washington-Caldwell School District,1934
5701600US550116560,550116560,55,1,16560,,,80354299,1282272,Wheatland Joint No. 1 School District,Wheatland Joint No. 1 School District,4168
5701600US550117220,550117220,55,1,17220,,,76907328,276224,Yorkville Joint No. 2 School District,Yorkville Joint No. 2 School District,2963
5701600US550199999,550199999,55,1,99999,,,3149153740,2496613447,1,Remainder of Congressional District 1,618548
5701600US550299999,550299999,55,2,99999,,,11750545987,188998048,2,Congressional District 2,789393
5701600US550399999,550399999,55,3,99999,,,28794049224,815067592,3,Congressional District 3,733584
5701600US550404770,550404770,55,4,4770,,,213398,0,Maple Dale-Indian Hill School District,Maple Dale-Indian Hill School District (part),182
5701600US550404800,550404800,55,4,4800,,,13235377,0,Fox Point Joint No. 2 School District,Fox Point Joint No. 2 School District (part),11222
5701600US550405460,550405460,55,4,5460,,,14716640,519005,Glendale-River Hills School District,Glendale-River Hills School District,13175
5701600US550499999,550499999,55,4,99999,,,304448258,2454035515,4,Remainder of Congressional District 4,670816
5701600US550500013,550500013,55,5,13,,,22445796,3797501,Lake Country School District,Lake Country School District,4401
5701600US550500075,550500075,55,5,75,,,209386387,1594825,Herman-Neosho-Rubicon School District,Herman-Neosho-Rubicon School District (part),4772
5701600US550500080,550500080,55,5,80,,,64493373,1034488,Holy Hill Area School District,Holy Hill Area School District,6926
5701600US550504410,550504410,55,5,4410,,,59503107,861745,Erin School District,Erin School District,2519
5701600US550506090,550506090,55,5,6090,,,129495908,2231178,Hartford Joint No. 1 School District,Hartford Joint No. 1 School District,19001
5701600US550506140,550506140,55,5,6140,,,21892496,1821977,Hartland-Lakeside Joint No. 3 School District,Hartland-Lakeside Joint No. 3 School District,11740
5701600US550508130,550508130,55,5,8130,,,17132053,63562,Richmond School District,Richmond School District,2986
5701600US550509240,550509240,55,5,9240,,,12279269,2572423,Swallow School District,Swallow School District,3198
5701600US550509300,550509300,55,5,9300,,,31435734,1310267,North Lake School District,North Lake School District,2702
5701600US550509360,550509360,55,5,9360,,,32755748,1433247,Merton Community School District,Merton Community School District,6776
5701600US550509390,550509390,55,5,9390,,,22854173,3358923,Stone Bank School District,Stone Bank School District,2710
5701600US550599999,550599999,55,5,99999,,,4274003793,145350369,5,Remainder of Congressional District 5,667840
5701600US550600075,550600075,55,6,75,,,627920,0,Herman-Neosho-Rubicon School District,Herman-Neosho-Rubicon School District (part),0
5701600US550604770,550604770,55,6,4770,,,13352910,452589,Maple Dale-Indian Hill School District,Maple Dale-Indian Hill School District (part),1602
5701600US550604800,550604800,55,6,4800,,,127509,0,Fox Point Joint No. 2 School District,Fox Point Joint No. 2 School District (part),90
5701600US550699999,550699999,55,6,99999,,,12726704516,7315372118,6,Remainder of Congressional District 6,726082
5701600US550701530,550701530,55,7,1530,,,557816056,132417188,North Lakeland School District,North Lakeland School District,3044
5701600US550704620,550704620,55,7,4620,,,256708439,73941941,Lac du Flambeau No. 1 School District,Lac du Flambeau No. 1 School District,3552
5701600US550709690,550709690,55,7,9690,,,554825199,73914356,Minocqua Joint No. 1 School District,Minocqua Joint No. 1 School District,7516
5701600US550717160,550717160,55,7,17160,,,231954778,43853722,Woodruff Joint No. 1 School District,Woodruff Joint No. 1 School District,5447
5701600US550799999,550799999,55,7,99999,,,58070184187,7375196740,7,Remainder of Congressional District 7,713023
5701600US550899999,550899999,55,8,99999,,,17629589556,8180776855,8,Congressional District 8,751967
5711600US550107650,550107650,55,1,,7650,,229806742,2617434,Lake Geneva-Genoa City Union High School District,Lake Geneva-Genoa City Union High School District,25515
5711600US550113290,550113290,55,1,,13290,,359623093,4320361,Westosha Central High School District,Westosha Central High School District,20801
5711600US550115150,550115150,55,1,,15150,,216412853,708186,Union Grove Union High School District,Union Grove Union High School District,13616
5711600US550115480,550115480,55,1,,15480,,190212178,1146937,Big Foot Union High School District,Big Foot Union High School District,11082
5711600US550115600,550115600,55,1,,15600,,217027418,6614740,Waterford Union High School District,Waterford Union High School District,18921
5711600US550116770,550116770,55,1,,16770,,113232869,11724371,Wilmot Union High School District,Wilmot Union High School District,18969
5711600US550199999,550199999,55,1,,99999,,3149153740,2496613447,1,Remainder of Congressional District 1,618548
5711600US550299999,550299999,55,2,,99999,,11750545987,188998048,2,Congressional District 2,789393
5711600US550399999,550399999,55,3,,99999,,28794049224,815067592,3,Congressional District 3,733584
5711600US550405490,550405490,55,4,,5490,,28165415,519005,Nicolet Union High School District,Nicolet Union High School District (part),24579
5711600US550499999,550499999,55,4,,99999,,304448258,2454035515,4,Remainder of Congressional District 4,670816
5711600US550506120,550506120,55,5,,6120,,462878775,5722236,Hartford Union High School District,Hartford Union High School District (part),33218
5711600US550506180,550506180,55,5,,6180,,160795269,14357900,Arrowhead Union High School District,Arrowhead Union High School District,34513
5711600US550599999,550599999,55,5,,99999,,4274003793,145350369,5,Remainder of Congressional District 5,667840
5711600US550605490,550605490,55,6,,5490,,13480419,452589,Nicolet Union High School District,Nicolet Union High School District (part),1692
5711600US550606120,550606120,55,6,,6120,,627920,0,Hartford Union High School District,Hartford Union High School District (part),0
5711600US550699999,550699999,55,6,,99999,,12726704516,7315372118,6,Remainder of Congressional District 6,726082
5711600US550709630,550709630,55,7,,9630,,1601304472,324127207,Lakeland Union High School District,Lakeland Union High School District,19559
5711600US550799999,550799999,55,7,,99999,,58070184187,7375196740,7,Remainder of Congressional District 7,713023
5711600US550899999,550899999,55,8,,99999,,17629589556,8180776855,8,Congressional District 8,751967
5721600US550101080,550101080,55,1,,,1080,884347,0,Beloit Turner School District,Beloit Turner School District (part),0
5721600US550101890,550101890,55,1,,,1890,252855275,6699387,Burlington Area School District,Burlington Area School District,23654
5721600US550102640,550102640,55,1,,,2640,278195622,666344,Clinton Community School District,Clinton Community School District (part),5697
5721600US550103510,550103510,55,1,,,3510,137282749,4082937,Kettle Moraine School District,Kettle Moraine School District (part),12459
5721600US550103640,550103640,55,1,,,3640,248402651,8205021,Delavan-Darien School District,Delavan-Darien School District,16726
5721600US550104020,550104020,55,1,,,4020,231650221,6576390,East Troy Community School District,East Troy Community School District,12242
5721600US550104290,550104290,55,1,,,4290,220142196,4801962,Elkhorn Area School District,Elkhorn Area School District,17950
5721600US550104740,550104740,55,1,,,4740,2980966,65422,Fort Atkinson School District,Fort Atkinson School District (part),36
5721600US550104830,550104830,55,1,,,4830,74610981,271953,Franklin Public School District,Franklin Public School District,29736
5721600US550105910,550105910,55,1,,,5910,14414516,22101,Greendale School District,Greendale School District,14854
5721600US550106000,550106000,55,1,,,6000,10641959,15882,Whitnall School District,Whitnall School District (part),9938
5721600US550107020,550107020,55,1,,,7020,124704720,1780652,Janesville School District,Janesville School District (part),59946
5721600US550107320,550107320,55,1,,,7320,221415732,1181448,Kenosha School District,Kenosha School District,129286
5721600US550109570,550109570,55,1,,,9570,202035210,739326,Milton School District,Milton School District (part),15726
5721600US550110060,550110060,55,1,,,10060,215182759,8669485,Mukwonago School District,Mukwonago School District,29665
5721600US550110170,550110170,55,1,,,10170,94794371,15927508,Muskego-Norway School District,Muskego-Norway School District (part),29874
5721600US550110470,550110470,55,1,,,10470,17708411,163516,New Berlin School District,New Berlin School District (part),6830
5721600US550110710,550110710,55,1,,,10710,3191700,240579,Norris School District,Norris School District,63
5721600US550110830,550110830,55,1,,,10830,86240439,0,Oak Creek-Franklin School District,Oak Creek-Franklin School District,41359
5721600US550110890,550110890,55,1,,,10890,640161,15890,Oconomowoc Area School District,Oconomowoc Area School District (part),0
5721600US550111350,550111350,55,1,,,11350,79221902,942047,Palmyra-Eagle Area School District,Palmyra-Eagle Area School District (part),3832
5721600US550112360,550112360,55,1,,,12360,259542671,1705905,Racine School District,Racine School District,140198
5721600US550115780,550115780,55,1,,,15780,79190910,1120921,Waukesha School District,Waukesha School District (part),9721
5721600US550116680,550116680,55,1,,,16680,270483003,5552868,Whitewater School District,Whitewater School District (part),4751
5721600US550116740,550116740,55,1,,,16740,22703285,0,Williams Bay School District,Williams Bay School District,4003
5721600US550199997,550199997,55,1,,,99997,36983,2427165903,School District Not Defined,School District Not Defined (part),2
5721600US550199999,550199999,55,1,,,99999,1326315153,27132029,1,Remainder of Congressional District 1,108904
5721600US550200120,550200120,55,2,,,120,183197723,328309,Albany School District,Albany School District,3146
5721600US550200450,550200450,55,2,,,450,214392704,178282,Argyle School District,Argyle School District,1847
5721600US550200810,550200810,55,2,,,810,399808854,9181589,Baraboo School District,Baraboo School District (part),21163
5721600US550200840,550200840,55,2,,,840,174946798,63154,Barneveld School District,Barneveld School District,2397
5721600US550200990,550200990,55,2,,,990,184176084,1091778,Belleville School District,Belleville School District,5586
5721600US550201020,550201020,55,2,,,1020,263438840,300026,Belmont Community School District,Belmont Community School District,2212
5721600US550201050,550201050,55,2,,,1050,40952034,862170,Beloit School District,Beloit School District,36135
5721600US550201080,550201080,55,2,,,1080,79761576,1850645,Beloit Turner School District,Beloit Turner School District (part),9187
5721600US550201110,550201110,55,2,,,1110,82479028,0,Benton School District,Benton School District (part),1493
5721600US550201230,550201230,55,2,,,1230,267454062,1836077,Wisconsin Heights School District,Wisconsin Heights School District,6270
5721600US550201310,550201310,55,2,,,1310,294958539,72991,Pecatonica Area School District,Pecatonica Area School District,2827
5721600US550201740,550201740,55,2,,,1740,261782870,1748847,Brodhead School District,Brodhead School District,6277
5721600US550202100,550202100,55,2,,,2100,96193278,873592,Cambridge School District,Cambridge School District (part),3059
5721600US550202640,550202640,55,2,,,2640,9804447,12278,Clinton Community School District,Clinton Community School District (part),145
5721600US550202820,550202820,55,2,,,2820,48283872,0,Columbus School District,Columbus School District (part),694
5721600US550203030,550203030,55,2,,,3030,59565053,0,Cuba City School District,Cuba City School District (part),672
5721600US550203150,550203150,55,2,,,3150,414372182,1873696,Darlington Community School District,Darlington Community School District,5069
5721600US550203180,550203180,55,2,,,3180,175537315,993100,DeForest Area School District,DeForest Area School District (part),24370
5721600US550203270,550203270,55,2,,,3270,104967950,393297,Deerfield Community School District,Deerfield Community School District,4442
5721600US550203690,550203690,55,2,,,3690,495014137,1001173,Dodgeville School District,Dodgeville School District,8386
5721600US550204110,550204110,55,2,,,4110,209679963,8598831,Edgerton School District,Edgerton School District (part),12443
5721600US550204440,550204440,55,2,,,4440,258111810,794631,Evansville Community School District,Evansville Community School District,9953
5721600US550204740,550204740,55,2,,,4740,0,871133,Fort Atkinson School District,Fort Atkinson School District (part),0
5721600US550205730,550205730,55,2,,,5730,345445690,171482,Black Hawk School District,Black Hawk School District,2513
5721600US550206300,550206300,55,2,,,6300,7222215,0,Southwestern Wisconsin School District,Southwestern Wisconsin School District (part),59
5721600US550206420,550206420,55,2,,,6420,153250278,558155,Highland School District,Highland School District (part),1515
5721600US550206480,550206480,55,2,,,6480,3930038,520,Hillsboro School District,Hillsboro School District (part),17
5721600US550206870,550206870,55,2,,,6870,244470226,302490,Iowa-Grant School District,Iowa-Grant School District (part),2336
5721600US550206960,550206960,55,2,,,6960,120525041,26115,Ithaca School District,Ithaca School District (part),1035
5721600US550207020,550207020,55,2,,,7020,92461004,1842374,Janesville School District,Janesville School District (part),3964
5721600US550207230,550207230,55,2,,,7230,140379962,18544,Juda School District,Juda School District,1281
5721600US550208190,550208190,55,2,,,8190,94630770,1065775,Lodi School District,Lodi School District (part),2051
5721600US550208520,550208520,55,2,,,8520,190331976,3625549,Madison Metropolitan School District,Madison Metropolitan School District,273769
5721600US550208790,550208790,55,2,,,8790,143960364,1482097,Marshall School District,Marshall School District,5751
5721600US550208910,550208910,55,2,,,8910,50463527,11991511,McFarland School District,McFarland School District,12603
5721600US550209510,550209510,55,2,,,9510,202426572,1202912,Middleton-Cross Plains School District,Middleton-Cross Plains School District,43581
5721600US550209570,550209570,55,2,,,9570,99138464,2325722,Milton School District,Milton School District (part),4266
5721600US550209660,550209660,55,2,,,9660,345854244,250893,Mineral Point School District,Mineral Point School District,4272
5721600US550209810,550209810,55,2,,,9810,64763008,342687,Monona Grove School District,Monona Grove School District,18817
5721600US550209840,550209840,55,2,,,9840,410752029,354779,Monroe School District,Monroe School District,15419
5721600US550209900,550209900,55,2,,,9900,166940144,41694,Monticello School District,Monticello School District,2548
5721600US550209990,550209990,55,2,,,9990,369860923,103862,Mount Horeb Area School District,Mount Horeb Area School District,13055
5721600US550210140,550210140,55,2,,,10140,122737353,4121255,Riverdale School District,Riverdale School District (part),978
5721600US550210500,550210500,55,2,,,10500,206884230,3104,New Glarus School District,New Glarus School District,4895
5721600US550211100,550211100,55,2,,,11100,220163627,1704540,Oregon School District,Oregon School District,23352
5721600US550211130,550211130,55,2,,,11130,325846769,637541,Parkview School District,Parkview School District,6035
5721600US550211850,550211850,55,2,,,11850,24621503,0,Platteville School District,Platteville School District (part),360
5721600US550212120,550212120,55,2,,,12120,1047342,0,Poynette School District,Poynette School District (part),6
5721600US550212660,550212660,55,2,,,12660,593206955,7610962,Reedsburg School District,Reedsburg School District (part),17691
5721600US550212960,550212960,55,2,,,12960,26728816,823355,Richland School District,Richland School District (part),852
5721600US550213410,550213410,55,2,,,13410,531760919,16314027,Sauk Prairie School District,Sauk Prairie School District (part),15054
5721600US550213830,550213830,55,2,,,13830,249775168,0,Shullsburg School District,Shullsburg School District,2036
5721600US550214250,550214250,55,2,,,14250,748627562,19914685,River Valley School District,River Valley School District,9449
5721600US550214550,550214550,55,2,,,14550,276731805,16022889,Stoughton Area School District,Stoughton Area School District,21239
5721600US550214640,550214640,55,2,,,14640,203063167,764133,Sun Prairie Area School District,Sun Prairie Area School District,50734
5721600US550215330,550215330,55,2,,,15330,139167750,676180,Verona Area School District,Verona Area School District,29298
5721600US550215720,550215720,55,2,,,15720,17254221,46061,Waterloo School District,Waterloo School District (part),123
5721600US550215810,550215810,55,2,,,15810,141857007,3541922,Waunakee Community School District,Waunakee Community School District,21946
5721600US550216470,550216470,55,2,,,16470,142945970,411323,Weston School District,Weston School District (part),1874
5721600US550217040,550217040,55,2,,,17040,96506663,4457086,Wisconsin Dells School District,Wisconsin Dells School District (part),5650
5721600US550217130,550217130,55,2,,,17130,115933566,1455854,Wonewoc-Union Center School District,Wonewoc-Union Center School District (part),1196
5721600US550299997,550299997,55,2,,,99997,0,51860371,School District Not Defined,School District Not Defined (part),0
5721600US550300016,550300016,55,3,,,16,461495559,325617,Blair-Taylor School District,Blair-Taylor School District,4345
5721600US550300017,550300017,55,3,,,17,544263766,21463871,River Ridge School District,River Ridge School District,3479
5721600US550300060,550300060,55,3,,,60,1186771312,79233997,Adams-Friendship Area School District,Adams-Friendship Area School District,13924
5721600US550300061,550300061,55,3,,,61,56460591,1008811,Chetek-Weyerhaeuser Area School District,Chetek-Weyerhaeuser Area School District (part),431
5721600US550300180,550300180,55,3,,,180,321484053,33011847,Alma School District,Alma School District,1508
5721600US550300210,550300210,55,3,,,210,79476939,204753,Alma Center School District,Alma Center School District (part),1530
5721600US550300240,550300240,55,3,,,240,274047947,1834166,Almond-Bancroft School District,Almond-Bancroft School District (part),2462
5721600US550300270,550300270,55,3,,,270,34738267,3560036,Altoona School District,Altoona School District,10401
5721600US550300330,550300330,55,3,,,330,254230982,4160934,Tomorrow River School District,Tomorrow River School District,5102
5721600US550300420,550300420,55,3,,,420,522901961,799656,Arcadia School District,Arcadia School District,6387
5721600US550300600,550300600,55,3,,,600,148194720,416864,Auburndale School District,Auburndale School District (part),1205
5721600US550300630,550300630,55,3,,,630,417812041,5052625,Augusta School District,Augusta School District,4721
5721600US550300780,550300780,55,3,,,780,238560383,3689,Bangor School District,Bangor School District,3957
5721600US550300870,550300870,55,3,,,870,36941130,4591,Barron Area School District,Barron Area School District (part),512
5721600US550301110,550301110,55,3,,,1110,900339,0,Benton School District,Benton School District (part),26
5721600US550301260,550301260,55,3,,,1260,1012463288,10276092,Black River Falls School District,Black River Falls School District (part),12417
5721600US550301350,550301350,55,3,,,1350,17706281,0,Bloomer School District,Bloomer School District (part),122
5721600US550301500,550301500,55,3,,,1500,447721275,7090119,Boscobel Area School District,Boscobel Area School District,5850
5721600US550301590,550301590,55,3,,,1590,412392528,2058178,Boyceville Community School District,Boyceville Community School District (part),4613
5721600US550302040,550302040,55,3,,,2040,249647639,857064,Cadott Community School District,Cadott Community School District (part),4198
5721600US550302340,550302340,55,3,,,2340,307625468,240376,Cashton School District,Cashton School District,4124
5721600US550302400,550302400,55,3,,,2400,242957273,19147140,Cassville School District,Cassville School District,1810
5721600US550302550,550302550,55,3,,,2550,273245094,15220329,Chippewa Falls Area School District,Chippewa Falls Area School District (part),29176
5721600US550302610,550302610,55,3,,,2610,2525346,3597,Clear Lake School District,Clear Lake School District (part),31
5721600US550302700,550302700,55,3,,,2700,408857444,46215295,Cochrane-Fountain City School District,Cochrane-Fountain City School District,4537
5721600US550302790,550302790,55,3,,,2790,457152880,4380896,Colfax School District,Colfax School District (part),4692
5721600US550303030,550303030,55,3,,,3030,145166808,258432,Cuba City School District,Cuba City School District (part),4254
5721600US550303240,550303240,55,3,,,3240,417289072,80362426,De Soto Area School District,De Soto Area School District,4450
5721600US550303840,550303840,55,3,,,3840,747288977,18838544,Durand School District,Durand School District,7339
5721600US550304050,550304050,55,3,,,4050,497545154,10069261,Eau Claire Area School District,Eau Claire Area School District,86199
5721600US550304200,550304200,55,3,,,4200,322669367,584351,Eleva-Strum School District,Eleva-Strum School District,3786
5721600US550304230,550304230,55,3,,,4230,221889916,2854465,Elk Mound Area School District,Elk Mound Area School District,5193
5721600US550304320,550304320,55,3,,,4320,558858995,36591659,Ellsworth Community School District,Ellsworth Community School District,11243
5721600US550304350,550304350,55,3,,,4350,245512349,651992,Elmwood School District,Elmwood School District,1989
5721600US550304380,550304380,55,3,,,4380,290797546,145231,Royall School District,Royall School District,3809
5721600US550304500,550304500,55,3,,,4500,273201408,1448083,Fall Creek School District,Fall Creek School District,4332
5721600US550304590,550304590,55,3,,,4590,381174084,0,Fennimore Community School District,Fennimore Community School District,5046
5721600US550304960,550304960,55,3,,,4960,464827046,21393362,Galesville-Ettrick-Trempealeau School District,Galesville-Ettrick-Trempealeau School District,9337
5721600US550304980,550304980,55,3,,,4980,390581008,220488,North Crawford School District,North Crawford School District,3128
5721600US550305370,550305370,55,3,,,5370,245432275,1708516,Gilmanton School District,Gilmanton School District,1077
5721600US550305520,550305520,55,3,,,5520,55026592,7455,Glenwood City School District,Glenwood City School District (part),583
5721600US550306300,550306300,55,3,,,6300,141723821,6214997,Southwestern Wisconsin School District,Southwestern Wisconsin School District (part),3890
5721600US550306420,550306420,55,3,,,6420,33539315,0,Highland School District,Highland School District (part),64
5721600US550306480,550306480,55,3,,,6480,362327401,303803,Hillsboro School District,Hillsboro School District (part),4434
5721600US550306540,550306540,55,3,,,6540,232524411,24271044,Holmen School District,Holmen School District,22332
5721600US550306810,550306810,55,3,,,6810,252079324,738087,Independence School District,Independence School District,2589
5721600US550306840,550306840,55,3,,,6840,20468323,588005,Iola-Scandinavia School District,Iola-Scandinavia School District (part),115
5721600US550306870,550306870,55,3,,,6870,179149473,41681,Iowa-Grant School District,Iowa-Grant School District (part),2001
5721600US550306960,550306960,55,3,,,6960,108136418,18163,Ithaca School District,Ithaca School District (part),639
5721600US550307530,550307530,55,3,,,7530,215096520,51700628,La Crosse School District,La Crosse School District,64366
5721600US550307560,550307560,55,3,,,7560,179115931,541514,La Farge School District,La Farge School District,1936
5721600US550307770,550307770,55,3,,,7770,372994263,28413,Lancaster Community School District,Lancaster Community School District,6358
5721600US550308850,550308850,55,3,,,8850,528564935,9906403,Mauston School District,Mauston School District,10052
5721600US550309000,550309000,55,3,,,9000,498606283,4693375,Melrose-Mindoro School District,Melrose-Mindoro School District,4577
5721600US550309090,550309090,55,3,,,9090,638099862,17146450,Menomonie Area School District,Menomonie Area School District (part),27999
5721600US550309780,550309780,55,3,,,9780,481520994,1304412,Mondovi School District,Mondovi School District,5811
5721600US550310140,550310140,55,3,,,10140,371228120,9624018,Riverdale School District,Riverdale School District (part),3836
5721600US550310380,550310380,55,3,,,10380,285331378,27193739,Nekoosa School District,Nekoosa School District (part),8705
5721600US550310560,550310560,55,3,,,10560,223647648,679535,New Lisbon School District,New Lisbon School District (part),4747
5721600US550310770,550310770,55,3,,,10770,402370266,439124,Norwalk-Ontario-Wilton School District,Norwalk-Ontario-Wilton School District,4369
5721600US550311010,550311010,55,3,,,11010,34618794,2029314,Onalaska School District,Onalaska School District,18137
5721600US550311220,550311220,55,3,,,11220,487883900,363412,Osseo-Fairchild School District,Osseo-Fairchild School District (part),5319
5721600US550311580,550311580,55,3,,,11580,203593044,35553777,Pepin Area School District,Pepin Area School District,1986
5721600US550311790,550311790,55,3,,,11790,21454667,0,Pittsville School District,Pittsville School District (part),46
5721600US550311820,550311820,55,3,,,11820,230302625,367862,Tri-County Area School District,Tri-County Area School District (part),852
5721600US550311850,550311850,55,3,,,11850,353842939,27874,Platteville School District,Platteville School District (part),15238
5721600US550311880,550311880,55,3,,,11880,212205371,665789,Plum City School District,Plum City School District,1745
5721600US550311970,550311970,55,3,,,11970,143745907,17721068,Port Edwards School District,Port Edwards School District,3716
5721600US550312090,550312090,55,3,,,12090,166510710,37768747,Potosi School District,Potosi School District,2171
5721600US550312150,550312150,55,3,,,12150,220095952,19128815,Prairie du Chien Area School District,Prairie du Chien Area School District,8061
5721600US550312180,550312180,55,3,,,12180,74757068,451786,Prairie Farm School District,Prairie Farm School District (part),385
5721600US550312240,550312240,55,3,,,12240,184033268,9659313,Prescott School District,Prescott School District,8215
5721600US550312540,550312540,55,3,,,12540,382256424,693661,Kickapoo Area School District,Kickapoo Area School District,3240
5721600US550312660,550312660,55,3,,,12660,21015697,0,Reedsburg School District,Reedsburg School District (part),59
5721600US550312960,550312960,55,3,,,12960,650511179,479138,Richland School District,Richland School District (part),9839
5721600US550313050,550313050,55,3,,,13050,200424224,618539,River Falls School District,River Falls School District (part),16310
5721600US550313140,550313140,55,3,,,13140,242111446,3391147,Rosholt School District,Rosholt School District (part),2812
5721600US550313470,550313470,55,3,,,13470,284544752,19669552,Seneca School District,Seneca School District,1650
5721600US550314160,550314160,55,3,,,14160,734695205,1069113,Sparta Area School District,Sparta Area School District,18395
5721600US550314340,550314340,55,3,,,14340,187995485,616586,Spring Valley School District,Spring Valley School District (part),3137
5721600US550314430,550314430,55,3,,,14430,148178162,86852,Stanley-Boyd Area School District,Stanley-Boyd Area School District (part),1666
5721600US550314490,550314490,55,3,,,14490,951553082,43977625,Stevens Point Area School District,Stevens Point Area School District,56883
5721600US550314910,550314910,55,3,,,14910,512894374,1439919,Tomah Area School District,Tomah Area School District (part),15335
5721600US550315360,550315360,55,3,,,15360,499185933,892781,Viroqua Area School District,Viroqua Area School District,8929
5721600US550315840,550315840,55,3,,,15840,54740661,189561,Waupaca School District,Waupaca School District (part),739
5721600US550316020,550316020,55,3,,,16020,241737408,5592941,Wauzeka-Steuben School District,Wauzeka-Steuben School District,1447
5721600US550316350,550316350,55,3,,,16350,245127932,2493573,West Salem School District,West Salem School District,10362
5721600US550316410,550316410,55,3,,,16410,441144121,404935,Westby Area School District,Westby Area School District,7911
5721600US550316440,550316440,55,3,,,16440,19569602,350814,Westfield School District,Westfield School District (part),264
5721600US550316470,550316470,55,3,,,16470,114681333,43543,Weston School District,Weston School District (part),608
5721600US550316650,550316650,55,3,,,16650,356142472,137684,Whitehall School District,Whitehall School District (part),4969
5721600US550316710,550316710,55,3,,,16710,16154211,21164,Wild Rose School District,Wild Rose School District (part),104
5721600US550317040,550317040,55,3,,,17040,276050524,12068713,Wisconsin Dells School District,Wisconsin Dells School District (part),4258
5721600US550317070,550317070,55,3,,,17070,556641873,9940561,Wisconsin Rapids School District,Wisconsin Rapids School District (part),34768
5721600US550317130,550317130,55,3,,,17130,129289090,13234,Wonewoc-Union Center School District,Wonewoc-Union Center School District (part),1883
5721600US550401800,550401800,55,4,,,1800,11383915,0,Brown Deer School District,Brown Deer School District,12507
5721600US550403060,550403060,55,4,,,3060,12364566,0,Cudahy School District,Cudahy School District,18204
5721600US550409060,550409060,55,4,,,9060,178457,13110,Menomonee Falls School District,Menomonee Falls School District (part),0
5721600US550409600,550409600,55,4,,,9600,248872398,1650320,Milwaukee School District,Milwaukee School District (part),577222
5721600US550413260,550413260,55,4,,,13260,6649955,0,St. Francis School District,St. Francis School District,9161
5721600US550413800,550413800,55,4,,,13800,4117148,0,Shorewood School District,Shorewood School District,13859
5721600US550414040,550414040,55,4,,,14040,12505971,21035,South Milwaukee School District,South Milwaukee School District,20795
5721600US550416260,550416260,55,4,,,16260,2897232,0,West Allis School District,West Allis School District (part),4114
5721600US550416620,550416620,55,4,,,16620,5478616,0,Whitefish Bay School District,Whitefish Bay School District,14954
5721600US550499997,550499997,55,4,,,99997,0,2452351050,School District Not Defined,School District Not Defined (part),0
5721600US550499999,550499999,55,4,,,99999,28165415,519005,4,Remainder of Congressional District 4,24579
5721600US550500960,550500960,55,5,,,960,134126398,471453,Beaver Dam School District,Beaver Dam School District (part),2692
5721600US550501770,550501770,55,5,,,1770,82892260,1070577,Elmbrook School District,Elmbrook School District,48593
5721600US550502100,550502100,55,5,,,2100,69176396,3757113,Cambridge School District,Cambridge School District (part),3079
5721600US550502460,550502460,55,5,,,2460,10350015,0,Cedarburg School District,Cedarburg School District (part),542
5721600US550502820,550502820,55,5,,,2820,119806089,1023693,Columbus School District,Columbus School District (part),1240
5721600US550503510,550503510,55,5,,,3510,67552046,7884228,Kettle Moraine School District,Kettle Moraine School District (part),11278
5721600US550504110,550504110,55,5,,,4110,9701950,2870,Edgerton School District,Edgerton School District (part),238
5721600US550504530,550504530,55,5,,,4530,22453337,1097382,Fall River School District,Fall River School District (part),262
5721600US550504740,550504740,55,5,,,4740,250013769,43341080,Fort Atkinson School District,Fort Atkinson School District (part),18500
5721600US550505160,550505160,55,5,,,5160,148058350,598297,Germantown School District,Germantown School District,27501
5721600US550505940,550505940,55,5,,,5940,19055705,0,Greenfield School District,Greenfield School District,29251
5721600US550506000,550506000,55,5,,,6000,10502739,14778,Whitnall School District,Whitnall School District (part),8293
5721600US550506030,550506030,55,5,,,6030,96922476,1245068,Hamilton School District,Hamilton School District,28888
5721600US550506570,550506570,55,5,,,6570,59003356,2939544,Horicon School District,Horicon School District (part),1237
5721600US550506780,550506780,55,5,,,6780,127509925,9285574,Hustisford School District,Hustisford School District,3228
5721600US550507050,550507050,55,5,,,7050,272294162,3809567,Jefferson School District,Jefferson School District,13017
5721600US550507170,550507170,55,5,,,7170,107898864,1555868,Johnson Creek School District,Johnson Creek School District,5049
5721600US550507260,550507260,55,5,,,7260,215602455,2264178,Dodgeland School District,Dodgeland School District,5972
5721600US550507380,550507380,55,5,,,7380,269723163,1358155,Kewaskum School District,Kewaskum School District (part),11827
5721600US550507710,550507710,55,5,,,7710,192550938,9115824,Lake Mills Area School District,Lake Mills Area School District,9938
5721600US550508220,550508220,55,5,,,8220,48455679,1040834,Lomira School District,Lomira School District (part),604
5721600US550508880,550508880,55,5,,,8880,32767185,144656,Mayville School District,Mayville School District (part),619
5721600US550509060,550509060,55,5,,,9060,58169884,483084,Menomonee Falls School District,Menomonee Falls School District (part),30443
5721600US550509600,550509600,55,5,,,9600,8980,0,Milwaukee School District,Milwaukee School District (part),0
5721600US550510170,550510170,55,5,,,10170,1624002,99505,Muskego-Norway School District,Muskego-Norway School District (part),18
5721600US550510470,550510470,55,5,,,10470,70724487,862174,New Berlin School District,New Berlin School District (part),29212
5721600US550510890,550510890,55,5,,,10890,287221902,22930688,Oconomowoc Area School District,Oconomowoc Area School District (part),37438
5721600US550511350,550511350,55,5,,,11350,127892564,1343680,Palmyra-Eagle Area School District,Palmyra-Eagle Area School District (part),3723
5721600US550511640,550511640,55,5,,,11640,35117045,5059189,Pewaukee School District,Pewaukee School District,18480
5721600US550512420,550512420,55,5,,,12420,3751794,4783088,Randolph School District,Randolph School District (part),29
5721600US550512450,550512450,55,5,,,12450,302052,0,Random Lake School District,Random Lake School District (part),22
5721600US550513950,550513950,55,5,,,13950,201494474,2994952,Slinger School District,Slinger School District,16628
5721600US550515720,550515720,55,5,,,15720,188335175,2789718,Waterloo School District,Waterloo School District (part),5418
5721600US550515750,550515750,55,5,,,15750,428545439,5594207,Watertown School District,Watertown School District,29827
5721600US550515780,550515780,55,5,,,15780,101420214,1313916,Waukesha School District,Waukesha School District (part),84546
5721600US550515990,550515990,55,5,,,15990,34258850,9422,Wauwatosa School District,Wauwatosa School District,48387
5721600US550516260,550516260,55,5,,,16260,32954400,61582,West Allis School District,West Allis School District (part),63878
5721600US550516290,550516290,55,5,,,16290,256622764,4098049,West Bend School District,West Bend School District,52250
5721600US550516680,550516680,55,5,,,16680,79142510,906376,Whitewater School District,Whitewater School District (part),15693
5721600US550599999,550599999,55,5,,,99999,623674044,20080136,5,Remainder of Congressional District 5,67731
5721600US550600240,550600240,55,6,,,240,8571601,37547,Almond-Bancroft School District,Almond-Bancroft School District (part),42
5721600US550600390,550600390,55,6,,,390,68526,11673,Appleton Area School District,Appleton Area School District (part),9
5721600US550600810,550600810,55,6,,,810,2493930,164819,Baraboo School District,Baraboo School District (part),6
5721600US550600960,550600960,55,6,,,960,150413533,129512,Beaver Dam School District,Beaver Dam School District (part),20408
5721600US550601140,550601140,55,6,,,1140,513841584,20259158,Berlin Area School District,Berlin Area School District,10428
5721600US550601680,550601680,55,6,,,1680,38577920,1252699,Brillion School District,Brillion School District (part),513
5721600US550602070,550602070,55,6,,,2070,217180593,976119,Cambria-Friesland School District,Cambria-Friesland School District,2416
5721600US550602160,550602160,55,6,,,2160,458103336,8269900,Campbellsport School District,Campbellsport School District,10270
5721600US550602430,550602430,55,6,,,2430,99046928,405964,Cedar Grove-Belgium Area School District,Cedar Grove-Belgium Area School District,6085
5721600US550602460,550602460,55,6,,,2460,77126681,567063,Cedarburg School District,Cedarburg School District (part),20617
5721600US550602520,550602520,55,6,,,2520,2457536,16,Chilton School District,Chilton School District (part),8
5721600US550602820,550602820,55,6,,,2820,176576003,710952,Columbus School District,Columbus School District (part),6667
5721600US550603180,550603180,55,6,,,3180,59286252,717461,DeForest Area School District,DeForest Area School District (part),506
5721600US550603660,550603660,55,6,,,3660,90177636,480531,Denmark School District,Denmark School District (part),1680
5721600US550604260,550604260,55,6,,,4260,146136030,5118321,Elkhart Lake-Glenbeulah School District,Elkhart Lake-Glenbeulah School District,3722
5721600US550604530,550604530,55,6,,,4530,100152911,1591738,Fall River School District,Fall River School District (part),2823
5721600US550604680,550604680,55,6,,,4680,205788874,3626285,Fond du Lac School District,Fond du Lac School District,54632
5721600US550604890,550604890,55,6,,,4890,161184276,2036207,Northern Ozaukee School District,Northern Ozaukee School District,5637
5721600US550605610,550605610,55,6,,,5610,54819158,853927,Grafton School District,Grafton School District,14771
5721600US550605880,550605880,55,6,,,5880,80109768,2102331,Green Lake School District,Green Lake School District,2732
5721600US550606570,550606570,55,6,,,6570,74043711,3035484,Horicon School District,Horicon School District (part),4481
5721600US550606660,550606660,55,6,,,6660,133842632,717431,Howards Grove School District,Howards Grove School District,6000
5721600US550607380,550607380,55,6,,,7380,94560637,1596335,Kewaskum School District,Kewaskum School District (part),1957
5721600US550607410,550607410,55,6,,,7410,15503411,2035,Kewaunee School District,Kewaunee School District (part),153
5721600US550607440,550607440,55,6,,,7440,259078748,3093420,Kiel Area School District,Kiel Area School District (part),7834
5721600US550607500,550607500,55,6,,,7500,26394819,609687,Kohler School District,Kohler School District,2333
5721600US550608190,550608190,55,6,,,8190,142769022,17526540,Lodi School District,Lodi School District (part),7678
5721600US550608220,550608220,55,6,,,8220,140969440,360934,Lomira School District,Lomira School District (part),6369
5721600US550608610,550608610,55,6,,,8610,234051339,2530152,Manitowoc School District,Manitowoc School District,40187
5721600US550608760,550608760,55,6,,,8760,435966248,62511936,Markesan School District,Markesan School District,6497
5721600US550608880,550608880,55,6,,,8880,208590559,7235389,Mayville School District,Mayville School District (part),7352
5721600US550609030,550609030,55,6,,,9030,18829426,3037957,Menasha School District,Menasha School District (part),24227
5721600US550609130,550609130,55,6,,,9130,122786744,1853780,Mequon-Thiensville School District,Mequon-Thiensville School District,28536
5721600US550609750,550609750,55,6,,,9750,263203332,1718340,Mishicot School District,Mishicot School District,6137
5721600US550609870,550609870,55,6,,,9870,442001278,16078002,Montello School District,Montello School District,6580
5721600US550610320,550610320,55,6,,,10320,92127737,3836070,Neenah School District,Neenah School District (part),43314
5721600US550610530,550610530,55,6,,,10530,212857505,1512549,New Holstein School District,New Holstein School District (part),4178
5721600US550610590,550610590,55,6,,,10590,1752052,2961,New London School District,New London School District (part),26
5721600US550610740,550610740,55,6,,,10740,72727470,458304,North Fond du Lac School District,North Fond du Lac School District,8814
5721600US550610860,550610860,55,6,,,10860,161693711,951606,Oakfield School District,Oakfield School District,3239
5721600US550610980,550610980,55,6,,,10980,232142394,6881753,Omro School District,Omro School District (part),8023
5721600US550611070,550611070,55,6,,,11070,103116862,638695,Oostburg School District,Oostburg School District,6228
5721600US550611190,550611190,55,6,,,11190,256782069,2361748,Oshkosh Area School District,Oshkosh Area School District,80114
5721600US550611370,550611370,55,6,,,11370,230727836,7902744,Pardeeville Area School District,Pardeeville Area School District,6822
5721600US550611820,550611820,55,6,,,11820,329197270,2136145,Tri-County Area School District,Tri-County Area School District (part),3086
5721600US550611940,550611940,55,6,,,11940,320776859,2779374,Plymouth School District,Plymouth School District,17369
5721600US550612000,550612000,55,6,,,12000,78541819,261492,Port Washington-Saukville School District,Port Washington-Saukville School District,17769
5721600US550612060,550612060,55,6,,,12060,524316843,33190530,Portage Community School District,Portage Community School District,17353
5721600US550612120,550612120,55,6,,,12120,242062268,5558761,Poynette School District,Poynette School District (part),6775
5721600US550612300,550612300,55,6,,,12300,226421700,7370102,Princeton School District,Princeton School District,3182
5721600US550612420,550612420,55,6,,,12420,149616085,19141797,Randolph School District,Randolph School District (part),3227
5721600US550612450,550612450,55,6,,,12450,235117464,2072006,Random Lake School District,Random Lake School District (part),6036
5721600US550612690,550612690,55,6,,,12690,253495763,1801207,Reedsville School District,Reedsville School District (part),4122
5721600US550612990,550612990,55,6,,,12990,194415629,3640090,Rio Community School District,Rio Community School District,3015
5721600US550613020,550613020,55,6,,,13020,262014163,10081255,Ripon Area School District,Ripon Area School District,10778
5721600US550613100,550613100,55,6,,,13100,339145392,3090340,Rosendale-Brandon School District,Rosendale-Brandon School District,5475
5721600US550613410,550613410,55,6,,,13410,43041512,4940928,Sauk Prairie School District,Sauk Prairie School District (part),1462
5721600US550613650,550613650,55,6,,,13650,131321420,1067623,Sheboygan Area School District,Sheboygan Area School District,62772
5721600US550613680,550613680,55,6,,,13680,144942117,1416262,Sheboygan Falls School District,Sheboygan Falls School District,11924
5721600US550615120,550615120,55,6,,,15120,73538846,2135015,Two Rivers School District,Two Rivers School District,12462
5721600US550615210,550615210,55,6,,,15210,297655165,3914590,Valders Area School District,Valders Area School District,6817
5721600US550615840,550615840,55,6,,,15840,8175320,48914,Waupaca School District,Waupaca School District (part),45
5721600US550615870,550615870,55,6,,,15870,434813769,23442504,Waupun School District,Waupun School District,19112
5721600US550615960,550615960,55,6,,,15960,457225650,7935440,Wautoma Area School District,Wautoma Area School District,11209
5721600US550616440,550616440,55,6,,,16440,697362367,7315482,Westfield School District,Westfield School District (part),8785
5721600US550616500,550616500,55,6,,,16500,134788217,29594306,Weyauwega-Fremont School District,Weyauwega-Fremont School District (part),1814
5721600US550616710,550616710,55,6,,,16710,348079181,5914866,Wild Rose School District,Wild Rose School District (part),4880
5721600US550616830,550616830,55,6,,,16830,87200582,23734775,Winneconne Community School District,Winneconne Community School District (part),2027
5721600US550617040,550617040,55,6,,,17040,94622431,3315883,Wisconsin Dells School District,Wisconsin Dells School District (part),3535
5721600US550699997,550699997,55,6,,,99997,184626,6913706356,School District Not Defined,School District Not Defined (part),0
5721600US550699999,550699999,55,6,,,99999,14108339,452589,6,Remainder of Congressional District 6,1692
5721600US550700030,550700030,55,7,,,30,107516703,81812,Abbotsford School District,Abbotsford School District,3683
5721600US550700058,550700058,55,7,,,58,1823174818,85806914,Chequamegon School District,Chequamegon School District,6456
5721600US550700061,550700061,55,7,,,61,577500792,25811628,Chetek-Weyerhaeuser Area School District,Chetek-Weyerhaeuser Area School District (part),7913
5721600US550700210,550700210,55,7,,,210,279729233,642599,Alma Center School District,Alma Center School District (part),1413
5721600US550700300,550700300,55,7,,,300,398760194,21076512,Amery School District,Amery School District,9811
5721600US550700360,550700360,55,7,,,360,1287900713,8079652,Antigo School District,Antigo School District (part),15972
5721600US550700510,550700510,55,7,,,510,1054909012,12159714,Ashland School District,Ashland School District,13161
5721600US550700570,550700570,55,7,,,570,332221894,24545,Athens School District,Athens School District,3702
5721600US550700600,550700600,55,7,,,600,246284607,3739866,Auburndale School District,Auburndale School District (part),3338
5721600US550700720,550700720,55,7,,,720,300450895,760841,Baldwin-Woodville Area School District,Baldwin-Woodville Area School District,9485
5721600US550700750,550700750,55,7,,,750,351682689,30143121,Unity School District,Unity School District,7286
5721600US550700870,550700870,55,7,,,870,429436155,1156801,Barron Area School District,Barron Area School District (part),8421
5721600US550700900,550700900,55,7,,,900,420752201,789405,Bayfield School District,Bayfield School District,3351
5721600US550701170,550701170,55,7,,,1170,561452084,40548172,Birchwood School District,Birchwood School District,2340
5721600US550701260,550701260,55,7,,,1260,158870395,3961910,Black River Falls School District,Black River Falls School District (part),198
5721600US550701350,550701350,55,7,,,1350,408611100,5925602,Bloomer School District,Bloomer School District (part),7401
5721600US550701590,550701590,55,7,,,1590,2953228,0,Boyceville Community School District,Boyceville Community School District (part),22
5721600US550701830,550701830,55,7,,,1830,688352960,14550840,Bruce School District,Bruce School District,3575
5721600US550701920,550701920,55,7,,,1920,600156689,5003306,Butternut School District,Butternut School District,1151
5721600US550702040,550702040,55,7,,,2040,138946952,1147863,Cadott Community School District,Cadott Community School District (part),1113
5721600US550702130,550702130,55,7,,,2130,174775861,2915611,Cameron School District,Cameron School District,4941
5721600US550702550,550702550,55,7,,,2550,280687918,19093949,Chippewa Falls Area School District,Chippewa Falls Area School District (part),6458
5721600US550702580,550702580,55,7,,,2580,147567195,2238873,Clayton School District,Clayton School District,1802
5721600US550702610,550702610,55,7,,,2610,275182026,1134975,Clear Lake School District,Clear Lake School District (part),3418
5721600US550702730,550702730,55,7,,,2730,426539287,864487,Colby School District,Colby School District,7148
5721600US550702790,550702790,55,7,,,2790,13240490,0,Colfax School District,Colfax School District (part),57
5721600US550702880,550702880,55,7,,,2880,255438894,6506374,Cornell School District,Cornell School District,2824
5721600US550702910,550702910,55,7,,,2910,1325372187,56880211,Crandon School District,Crandon School District,5731
5721600US550703090,550703090,55,7,,,3090,465774483,21999842,Cumberland School District,Cumberland School District,6083
5721600US550703810,550703810,55,7,,,3810,1677597880,71114353,Drummond Area School District,Drummond Area School District,4231
5721600US550703860,550703860,55,7,,,3860,1064593728,163380420,Northland Pines School District,Northland Pines School District,12168
5721600US550704080,550704080,55,7,,,4080,211030204,35177,Edgar School District,Edgar School District,3621
5721600US550704170,550704170,55,7,,,4170,788196061,46866903,Elcho School District,Elcho School District,3224
5721600US550704650,550704650,55,7,,,4650,1264232456,24111637,Florence School District,Florence School District,4558
5721600US550704860,550704860,55,7,,,4860,380243523,11446883,Frederic School District,Frederic School District,3658
5721600US550705280,550705280,55,7,,,5280,838353113,13841742,Gilman School District,Gilman School District,3004
5721600US550705520,550705520,55,7,,,5520,238816532,859652,Glenwood City School District,Glenwood City School District (part),3373
5721600US550705580,550705580,55,7,,,5580,132032957,1615650,Goodman-Armstrong School District,Goodman-Armstrong School District (part),422
5721600US550705640,550705640,55,7,,,5640,191082474,653002,Granton Area School District,Granton Area School District,2084
5721600US550705670,550705670,55,7,,,5670,664159536,24342516,Grantsburg School District,Grantsburg School District,5156
5721600US550705970,550705970,55,7,,,5970,384527464,4424277,Greenwood School District,Greenwood School District,3341
5721600US550706060,550706060,55,7,,,6060,218875820,1345503,St. Croix Central School District,St. Croix Central School District,8364
5721600US550706270,550706270,55,7,,,6270,1387203184,199584572,Hayward Community School District,Hayward Community School District,14418
5721600US550706690,550706690,55,7,,,6690,170477345,14470694,Hudson School District,Hudson School District,32962
5721600US550706750,550706750,55,7,,,6750,1220731686,25420026,Hurley School District,Hurley School District,4196
5721600US550707590,550707590,55,7,,,7590,290006986,4014168,Ladysmith School District,Ladysmith School District,4963
5721600US550707680,550707680,55,7,,,7680,451731225,19834373,Lake Holcombe School District,Lake Holcombe School District,2671
5721600US550707830,550707830,55,7,,,7830,617103134,12666529,Laona School District,Laona School District,1469
5721600US550708250,550708250,55,7,,,8250,296217233,511047,Loyal School District,Loyal School District,3902
5721600US550708280,550708280,55,7,,,8280,268538271,12417139,Luck School District,Luck School District,3456
5721600US550708640,550708640,55,7,,,8640,1132208921,23965198,Maple School District,Maple School District,8213
5721600US550708670,550708670,55,7,,,8670,270168197,189427,Marathon City School District,Marathon City School District,4529
5721600US550708820,550708820,55,7,,,8820,483033758,965693,Marshfield School District,Marshfield School District,27630
5721600US550708940,550708940,55,7,,,8940,901922007,3863001,Medford Area School District,Medford Area School District,13366
5721600US550708970,550708970,55,7,,,8970,516297840,6654325,Mellen School District,Mellen School District,1811
5721600US550709090,550709090,55,7,,,9090,2526525,0,Menomonie Area School District,Menomonie Area School District (part),20
5721600US550709150,550709150,55,7,,,9150,436305993,42426489,Mercer School District,Mercer School District,1649
5721600US550709210,550709210,55,7,,,9210,1460954164,19263933,Merrill Area School District,Merrill Area School District,20141
5721600US550709720,550709720,55,7,,,9720,1021097288,63616094,Northwood School District,Northwood School District,3305
5721600US550709960,550709960,55,7,,,9960,550621614,50212687,Mosinee School District,Mosinee School District,13117
5721600US550710230,550710230,55,7,,,10230,553316758,59931699,Necedah Area School District,Necedah Area School District,4973
5721600US550710350,550710350,55,7,,,10350,717236401,7788972,Neillsville School District,Neillsville School District,6347
5721600US550710380,550710380,55,7,,,10380,92208609,16209755,Nekoosa School District,Nekoosa School District (part),325
5721600US550710440,550710440,55,7,,,10440,211768247,15192678,New Auburn School District,New Auburn School District,1948
5721600US550710560,550710560,55,7,,,10560,70415869,586565,New Lisbon School District,New Lisbon School District (part),470
5721600US550710620,550710620,55,7,,,10620,387350934,8104881,New Richmond School District,New Richmond School District,19776
5721600US550711160,550711160,55,7,,,11160,278454339,14170278,Osceola School District,Osceola School District,9646
5721600US550711220,550711220,55,7,,,11220,268250088,1592033,Osseo-Fairchild School District,Osseo-Fairchild School District (part),600
5721600US550711310,550711310,55,7,,,11310,405340403,3726850,Owen-Withee School District,Owen-Withee School District,4570
5721600US550711710,550711710,55,7,,,11710,241668488,38312625,Phelps School District,Phelps School District,1239
5721600US550711730,550711730,55,7,,,11730,1491492708,27695549,Phillips School District,Phillips School District,6047
5721600US550711790,550711790,55,7,,,11790,905991119,16033326,Pittsville School District,Pittsville School District (part),3652
5721600US550712030,550712030,55,7,,,12030,751509793,2843698,South Shore School District,South Shore School District,1966
5721600US550712180,550712180,55,7,,,12180,155401800,123327,Prairie Farm School District,Prairie Farm School District (part),1559
5721600US550712210,550712210,55,7,,,12210,1075686221,9150555,Prentice School District,Prentice School District,2909
5721600US550712720,550712720,55,7,,,12720,945432429,75449028,Rhinelander School District,Rhinelander School District,21109
5721600US550712780,550712780,55,7,,,12780,723727625,9190158,Rib Lake School District,Rib Lake School District,3239
5721600US550712810,550712810,55,7,,,12810,577717827,35887537,Rice Lake Area School District,Rice Lake Area School District,16431
5721600US550713050,550713050,55,7,,,13050,168583192,1619074,River Falls School District,River Falls School District (part),8392
5721600US550713140,550713140,55,7,,,13140,104117783,1598537,Rosholt School District,Rosholt School District (part),923
5721600US550713170,550713170,55,7,,,13170,403551195,3942296,D.C. Everest Area School District,D.C. Everest Area School District,35984
5721600US550713230,550713230,55,7,,,13230,372122199,14410210,St. Croix Falls School District,St. Croix Falls School District,7321
5721600US550713710,550713710,55,7,,,13710,381042324,23138173,Shell Lake School District,Shell Lake School District,3689
5721600US550713890,550713890,55,7,,,13890,261459499,23960738,Siren School District,Siren School District,3239
5721600US550713980,550713980,55,7,,,13980,402492336,8697329,Solon Springs School District,Solon Springs School District,2281
5721600US550714010,550714010,55,7,,,14010,149562904,3932750,Somerset School District,Somerset School District,8562
5721600US550714190,550714190,55,7,,,14190,209558266,713192,Spencer School District,Spencer School District,4407
5721600US550714220,550714220,55,7,,,14220,1271284280,81178290,Spooner Area School District,Spooner Area School District,10732
5721600US550714340,550714340,55,7,,,14340,96663222,1447445,Spring Valley School District,Spring Valley School District (part),1114
5721600US550714430,550714430,55,7,,,14430,328824660,4142174,Stanley-Boyd Area School District,Stanley-Boyd Area School District (part),6139
5721600US550714580,550714580,55,7,,,14580,294547413,5316256,Stratford School District,Stratford School District,5105
5721600US550714670,550714670,55,7,,,14670,1016123917,33509359,Superior School District,Superior School District,33546
5721600US550714820,550714820,55,7,,,14820,400263899,1616080,Thorp School District,Thorp School District,4671
5721600US550714850,550714850,55,7,,,14850,694159459,83858329,Three Lakes School District,Three Lakes School District,4593
5721600US550714910,550714910,55,7,,,14910,669765383,31006187,Tomah Area School District,Tomah Area School District (part),5122
5721600US550714940,550714940,55,7,,,14940,1021985428,80084779,Tomahawk School District,Tomahawk School District,10286
5721600US550714970,550714970,55,7,,,14970,1045459066,12586165,Flambeau School District,Flambeau School District,4241
5721600US550715060,550715060,55,7,,,15060,276792473,14285784,Turtle Lake School District,Turtle Lake School District,3326
5721600US550715390,550715390,55,7,,,15390,534123331,8416077,Wabeno Area School District,Wabeno Area School District (part),1543
5721600US550715540,550715540,55,7,,,15540,480961776,924423,Washburn School District,Washburn School District,3862
5721600US550715900,550715900,55,7,,,15900,660017974,9106909,Wausau School District,Wausau School District,55169
5721600US550716230,550716230,55,7,,,16230,1189292235,76341195,Webster School District,Webster School District,6135
5721600US550716590,550716590,55,7,,,16590,487366890,7998659,White Lake School District,White Lake School District,1532
5721600US550716650,550716650,55,7,,,16650,804570,0,Whitehall School District,Whitehall School District (part),7
5721600US550716860,550716860,55,7,,,16860,1673715507,27515574,Winter School District,Winter School District,3132
5721600US550717070,550717070,55,7,,,17070,42602875,12018,Wisconsin Rapids School District,Wisconsin Rapids School District (part),417
5721600US550717100,550717100,55,7,,,17100,372201404,5038033,Wittenberg-Birnamwood School District,Wittenberg-Birnamwood School District (part),3470
5721600US550799997,550799997,55,7,,,99997,142640295,5229652656,School District Not Defined,School District Not Defined (part),1
5721600US550799999,550799999,55,7,,,99999,1601304472,324127207,7,Remainder of Congressional District 7,19559
5721600US550800056,550800056,55,8,,,56,139757061,2612136,Gresham School District,Gresham School District,1705
5721600US550800150,550800150,55,8,,,150,175921321,807170,Algoma School District,Algoma School District,5138
5721600US550800360,550800360,55,8,,,360,105778529,342007,Antigo School District,Antigo School District (part),1171
5721600US550800390,550800390,55,8,,,390,113775567,1750298,Appleton Area School District,Appleton Area School District (part),100961
5721600US550800540,550800540,55,8,,,540,27153643,1284962,Ashwaubenon School District,Ashwaubenon School District,15360
5721600US550801470,550801470,55,8,,,1470,388775919,6074973,Bonduel School District,Bonduel School District,6305
5721600US550801560,550801560,55,8,,,1560,324197549,533967,Bowler School District,Bowler School District,2364
5721600US550801680,550801680,55,8,,,1680,119319791,795416,Brillion School District,Brillion School District (part),5214
5721600US550802520,550802520,55,8,,,2520,262208580,1973919,Chilton School District,Chilton School District (part),7205
5721600US550802670,550802670,55,8,,,2670,415034479,4931730,Clintonville School District,Clintonville School District,9629
5721600US550802760,550802760,55,8,,,2760,484914317,9240678,Coleman School District,Coleman School District,4914
5721600US550802970,550802970,55,8,,,2970,709695045,30632271,Crivitz School District,Crivitz School District,6552
5721600US550803210,550803210,55,8,,,3210,165059435,2760433,De Pere Unified School District,De Pere Unified School District,24571
5721600US550803660,550803660,55,8,,,3660,273477147,2919968,Denmark School District,Denmark School District (part),7142
5721600US550804920,550804920,55,8,,,4920,194775394,1558,Freedom Area School District,Freedom Area School District,9843
5721600US550805220,550805220,55,8,,,5220,351562708,835156625,Gibraltar Area School District,Gibraltar Area School District,6810
5721600US550805250,550805250,55,8,,,5250,270067372,3795771,Gillett School District,Gillett School District,3945
5721600US550805580,550805580,55,8,,,5580,274083207,4795042,Goodman-Armstrong School District,Goodman-Armstrong School District (part),607
5721600US550805820,550805820,55,8,,,5820,239427040,3815959,Green Bay Area School District,Green Bay Area School District,140769
5721600US550806450,550806450,55,8,,,6450,141042021,625838,Hilbert School District,Hilbert School District,3152
5721600US550806600,550806600,55,8,,,6600,278922190,2169788,Hortonville School District,Hortonville School District,22591
5721600US550806630,550806630,55,8,,,6630,138505522,425866,Howard-Suamico School District,Howard-Suamico School District,32385
5721600US550806840,550806840,55,8,,,6840,318269392,5748779,Iola-Scandinavia School District,Iola-Scandinavia School District (part),4456
5721600US550807290,550807290,55,8,,,7290,175998371,2475455,Kaukauna Area School District,Kaukauna Area School District,30318
5721600US550807410,550807410,55,8,,,7410,317055146,1287431,Kewaunee School District,Kewaunee School District (part),6578
5721600US550807440,550807440,55,8,,,7440,14366286,217406,Kiel Area School District,Kiel Area School District (part),603
5721600US550807470,550807470,55,8,,,7470,33569283,942122,Kimberly Area School District,Kimberly Area School District,24292
5721600US550807860,550807860,55,8,,,7860,228287622,17407,Lena School District,Lena School District,2654
5721600US550808160,550808160,55,8,,,8160,7005235,649063,Little Chute Area School District,Little Chute Area School District,8168
5721600US550808340,550808340,55,8,,,8340,446796346,35729,Luxemburg-Casco School District,Luxemburg-Casco School District,11435
5721600US550808550,550808550,55,8,,,8550,282278366,4822671,Manawa School District,Manawa School District,5147
5721600US550808700,550808700,55,8,,,8700,251062258,5407315,Marinette School District,Marinette School District,15559
5721600US550808730,550808730,55,8,,,8730,326789850,3084900,Marion School District,Marion School District,4051
5721600US550809030,550809030,55,8,,,9030,696813,0,Menasha School District,Menasha School District (part),860
5721600US550809070,550809070,55,8,,,9070,932500335,19027327,Menominee Indian School District,Menominee Indian School District,4522
5721600US550810320,550810320,55,8,,,10320,59526214,137585,Neenah School District,Neenah School District (part),3487
5721600US550810530,550810530,55,8,,,10530,116510190,207911,New Holstein School District,New Holstein School District (part),4953
5721600US550810590,550810590,55,8,,,10590,388472030,8469395,New London School District,New London School District (part),16036
5721600US550810680,550810680,55,8,,,10680,181105329,3693052,Niagara School District,Niagara School District,2454
5721600US550810920,550810920,55,8,,,10920,255323927,1899902,Oconto School District,Oconto School District,7469
5721600US550810950,550810950,55,8,,,10950,466074665,7829590,Oconto Falls School District,Oconto Falls School District,11169
5721600US550810980,550810980,55,8,,,10980,3490945,686122,Omro School District,Omro School District (part),131
5721600US550811550,550811550,55,8,,,11550,567134600,7811101,Beecher-Dunbar-Pembine School District,Beecher-Dunbar-Pembine School District,2268
5721600US550811610,550811610,55,8,,,11610,217388878,3716953,Peshtigo School District,Peshtigo School District,6284
5721600US550812330,550812330,55,8,,,12330,476150026,422136,Pulaski Community School District,Pulaski Community School District,23609
5721600US550812690,550812690,55,8,,,12690,34168784,126884,Reedsville School District,Reedsville School District (part),594
5721600US550813140,550813140,55,8,,,13140,49289699,110148,Rosholt School District,Rosholt School District (part),190
5721600US550813500,550813500,55,8,,,13500,301706217,378056770,Sevastopol School District,Sevastopol School District,5302
5721600US550813530,550813530,55,8,,,13530,433697620,516967,Seymour Community School District,Seymour Community School District,12849
5721600US550813620,550813620,55,8,,,13620,401913435,29073426,Shawano School District,Shawano School District,17217
5721600US550813770,550813770,55,8,,,13770,275243775,6182271,Shiocton School District,Shiocton School District,4245
5721600US550814130,550814130,55,8,,,14130,508298141,356053734,Southern Door County School District,Southern Door County School District,8147
5721600US550814520,550814520,55,8,,,14520,70896328,141779,Stockbridge School District,Stockbridge School District,1750
5721600US550814610,550814610,55,8,,,14610,20712176,4273738,Sturgeon Bay School District,Sturgeon Bay School District,9030
5721600US550814700,550814700,55,8,,,14700,771430559,14266351,Suring School District,Suring School District,4184
5721600US550814880,550814880,55,8,,,14880,250628033,270453,Tigerton School District,Tigerton School District,1867
5721600US550815390,550815390,55,8,,,15390,349775354,15413571,Wabeno Area School District,Wabeno Area School District (part),2085
5721600US550815570,550815570,55,8,,,15570,65994275,239932699,Washington School District,Washington School District,777
5721600US550815840,550815840,55,8,,,15840,340829728,8992857,Waupaca School District,Waupaca School District (part),15045
5721600US550815930,550815930,55,8,,,15930,1074212523,17094251,Wausaukee School District,Wausaukee School District,4114
5721600US550816320,550816320,55,8,,,16320,120431209,2858636,West De Pere School District,West De Pere School District,25068
5721600US550816500,550816500,55,8,,,16500,222793455,15203878,Weyauwega-Fremont School District,Weyauwega-Fremont School District (part),5155
5721600US550816710,550816710,55,8,,,16710,5456505,8668,Wild Rose School District,Wild Rose School District (part),41
5721600US550816830,550816830,55,8,,,16830,175960049,21430422,Winneconne Community School District,Winneconne Community School District (part),7889
5721600US550817100,550817100,55,8,,,17100,289618870,316471,Wittenberg-Birnamwood School District,Wittenberg-Birnamwood School District (part),4024
5721600US550817190,550817190,55,8,,,17190,206664908,1960802,Wrightstown Community School District,Wrightstown Community School District,7558
5721600US550899997,550899997,55,8,,,99997,561969,6072456352,School District Not Defined,School District Not Defined (part),0